w_t,l_t,electrode_length,electrode_width,w_c,l_c,Q,V,d,Vac_ground,freq,m_c
8e-06,0.0008,0.0007,2e-05,1e-05,2e-05,20000,6.4,2e-06,5.0,41866.173604726115,4.06104991782145
8e-06,0.0008,0.0007,2e-05,1e-05,2e-05,20000,6.4,2e-06,5.0,41866.68028419536,4.41785624425626
8e-06,0.0008,0.0007,2e-05,1e-05,2e-05,20000,6.4,2e-06,5.0,41867.11271077639,4.773599278658788
8e-06,0.0008,0.0007,2e-05,1e-05,2e-05,20000,6.4,2e-06,5.0,41867.48661303593,5.1281934006029655
8e-06,0.0008,0.0007,2e-05,1e-05,2e-05,20000,6.4,2e-06,5.0,41867.813592294006,5.481553266183571
8e-06,0.0008,0.0007,2e-05,1e-05,2e-05,20000,6.4,2e-06,5.0,41868.10239234889,5.833593828556877
8e-06,0.0008,0.0007,2e-05,1e-05,2e-05,20000,6.4,2e-06,5.0,41868.3597275822,6.184230358409752
8e-06,0.0008,0.0007,2e-05,1e-05,2e-05,20000,6.4,2e-06,5.0,41868.59083882537,6.533378464352438
8e-06,0.0008,0.0007,2e-05,1e-05,2e-05,20000,6.4,2e-06,5.0,41868.79987597897,6.880954113229755
8e-06,0.0008,0.0007,2e-05,1e-05,2e-05,20000,6.4,2e-06,5.0,41868.990167270844,7.226873650346409
8e-06,0.0008,0.0007,2e-05,1e-05,2e-05,20000,6.4,2e-06,5.0,41869.16441249396,7.571053819600952
8e-06,0.0008,0.0007,2e-05,1e-05,2e-05,20000,6.4,2e-06,5.0,41869.324824140094,7.91341178352393
8e-06,0.0008,0.0007,2e-05,1e-05,2e-05,20000,6.4,2e-06,5.0,41869.47323211571,8.253865143215286
8e-06,0.0008,0.0007,2e-05,1e-05,2e-05,20000,6.4,2e-06,5.0,41869.611162552625,8.592331958176135
8e-06,0.0008,0.0007,2e-05,1e-05,2e-05,20000,6.4,2e-06,5.0,41869.739897894586,8.928730766030188
8e-06,0.0008,0.0007,2e-05,1e-05,2e-05,20000,6.4,2e-06,5.0,41869.86052325297,9.262980602130309
8e-06,0.0008,0.0007,2e-05,1e-05,2e-05,20000,6.4,2e-06,5.0,41869.97396255895,9.595001019045025
8e-06,0.0008,0.0007,2e-05,1e-05,2e-05,20000,6.4,2e-06,5.0,41870.081007039895,9.924712105920639
8e-06,0.0008,0.0007,2e-05,1e-05,2e-05,20000,6.4,2e-06,5.0,41870.18233785761,10.252034507714312
8e-06,0.0008,0.0007,2e-05,1e-05,2e-05,20000,6.4,2e-06,5.0,41870.278544259,10.576889444293172
8e-06,0.0008,0.0007,2e-05,1e-05,2e-05,20000,6.4,2e-06,5.0,41870.370138244645,10.899198729395264
8e-06,0.0008,0.0007,2e-05,1e-05,2e-05,20000,6.4,2e-06,5.0,41870.457566510784,11.218884789447383
8e-06,0.0008,0.0007,2e-05,1e-05,2e-05,20000,6.4,2e-06,5.0,41870.541220239415,11.535870682235519
8e-06,0.0008,0.0007,2e-05,1e-05,2e-05,20000,6.4,2e-06,5.0,41870.62144317547,11.850080115423443
8e-06,0.0008,0.0007,2e-05,1e-05,2e-05,20000,6.4,2e-06,5.0,41870.69853833212,12.161437464914675
8e-06,0.0008,0.0007,2e-05,1e-05,2e-05,20000,6.4,2e-06,5.0,41870.77277358856,12.469867793053787
8e-06,0.0008,0.0007,2e-05,1e-05,2e-05,20000,6.4,2e-06,5.0,41870.84438638861,12.775296866662476
8e-06,0.0008,0.0007,2e-05,1e-05,2e-05,20000,6.4,2e-06,5.0,41870.91358770496,13.077651174905958
8e-06,0.0008,0.0007,2e-05,1e-05,2e-05,20000,6.4,2e-06,5.0,41870.980565399565,13.37685794698566
8e-06,0.0008,0.0007,2e-05,1e-05,2e-05,20000,6.4,2e-06,5.0,41871.04548708568,13.672845169653723
8e-06,0.0008,0.0007,2e-05,1e-05,2e-05,20000,6.4,2e-06,5.0,41871.108502575866,13.965541604545185
8e-06,0.0008,0.0007,2e-05,1e-05,2e-05,20000,6.4,2e-06,5.0,41871.16974598471,14.254876805323617
8e-06,0.0008,0.0007,2e-05,1e-05,2e-05,20000,6.4,2e-06,5.0,41871.22933754212,14.540781134636328
8e-06,0.0008,0.0007,2e-05,1e-05,2e-05,20000,6.4,2e-06,5.0,41871.287385162876,14.823185780874548
8e-06,0.0008,0.0007,2e-05,1e-05,2e-05,20000,6.4,2e-06,5.0,41871.3439858104,15.102022774735163
8e-06,0.0008,0.0007,2e-05,1e-05,2e-05,20000,6.4,2e-06,5.0,41871.399226685644,15.377225005579541
8e-06,0.0008,0.0007,2e-05,1e-05,2e-05,20000,6.4,2e-06,5.0,41871.453186267216,15.648726237585802
8e-06,0.0008,0.0007,2e-05,1e-05,2e-05,20000,6.4,2e-06,5.0,41871.50593522413,15.916461125690473
8e-06,0.0008,0.0007,2e-05,1e-05,2e-05,20000,6.4,2e-06,5.0,41871.55753721952,16.18036523131575
8e-06,0.0008,0.0007,2e-05,1e-05,2e-05,20000,6.4,2e-06,5.0,41871.6080496202,16.44037503787864
8e-06,0.0008,0.0007,2e-05,1e-05,2e-05,20000,6.4,2e-06,5.0,41871.65752412526,16.696427966078144
8e-06,0.0008,0.0007,2e-05,1e-05,2e-05,20000,6.4,2e-06,5.0,41871.70600732431,16.948462388956898
8e-06,0.0008,0.0007,2e-05,1e-05,2e-05,20000,6.4,2e-06,5.0,41871.75354119467,17.19641764673362
8e-06,0.0008,0.0007,2e-05,1e-05,2e-05,20000,6.4,2e-06,5.0,41871.80016354537,17.4402340614026
8e-06,0.0008,0.0007,2e-05,1e-05,2e-05,20000,6.4,2e-06,5.0,41871.84590841477,17.67985295109717
8e-06,0.0008,0.0007,2e-05,1e-05,2e-05,20000,6.4,2e-06,5.0,41871.890806427415,17.91521664421331
8e-06,0.0008,0.0007,2e-05,1e-05,2e-05,20000,6.4,2e-06,5.0,41871.93488511521,18.14626849328989
8e-06,0.0008,0.0007,2e-05,1e-05,2e-05,20000,6.4,2e-06,5.0,41871.97816920714,18.372952888642875
8e-06,0.0008,0.0007,2e-05,1e-05,2e-05,20000,6.4,2e-06,5.0,41872.0206808912,18.5952152717492
8e-06,0.0008,0.0007,2e-05,1e-05,2e-05,20000,6.4,2e-06,5.0,41872.06244005187,18.813002148378274
8e-06,0.0008,0.0007,2e-05,1e-05,2e-05,20000,6.4,2e-06,5.0,41872.10346448573,19.026261101466737
8e-06,0.0008,0.0007,2e-05,1e-05,2e-05,20000,6.4,2e-06,5.0,41872.14377009779,19.234940803734155
8e-06,0.0008,0.0007,2e-05,1e-05,2e-05,20000,6.4,2e-06,5.0,41872.18337108063,19.438991030037062
8e-06,0.0008,0.0007,2e-05,1e-05,2e-05,20000,6.4,2e-06,5.0,41872.2222800781,19.638362669456342
8e-06,0.0008,0.0007,2e-05,1e-05,2e-05,20000,6.4,2e-06,5.0,41872.26050833538,19.83300773711806
8e-06,0.0008,0.0007,2e-05,1e-05,2e-05,20000,6.4,2e-06,5.0,41872.29806583657,20.022879385741913
8e-06,0.0008,0.0007,2e-05,1e-05,2e-05,20000,6.4,2e-06,5.0,41872.33496143148,20.20793191691676
8e-06,0.0008,0.0007,2e-05,1e-05,2e-05,20000,6.4,2e-06,5.0,41872.3712029522,20.388120792099084
8e-06,0.0008,0.0007,2e-05,1e-05,2e-05,20000,6.4,2e-06,5.0,41872.40679732082,20.5634026433329
8e-06,0.0008,0.0007,2e-05,1e-05,2e-05,20000,6.4,2e-06,5.0,41872.44175064914,20.73373528368756
8e-06,0.0008,0.0007,2e-05,1e-05,2e-05,20000,6.4,2e-06,5.0,41872.47606833082,20.899077717410947
8e-06,0.0008,0.0007,2e-05,1e-05,2e-05,20000,6.4,2e-06,5.0,41872.50975512714,21.059390149796297
8e-06,0.0008,0.0007,2e-05,1e-05,2e-05,20000,6.4,2e-06,5.0,41872.54281524654,21.214633996761062
8e-06,0.0008,0.0007,2e-05,1e-05,2e-05,20000,6.4,2e-06,5.0,41872.575252418654,21.364771894131742
8e-06,0.0008,0.0007,2e-05,1e-05,2e-05,20000,6.4,2e-06,5.0,41872.607069963495,21.50976770663824
8e-06,0.0008,0.0007,2e-05,1e-05,2e-05,20000,6.4,2e-06,5.0,41872.63827085581,21.649586536609693
8e-06,0.0008,0.0007,2e-05,1e-05,2e-05,20000,6.4,2e-06,5.0,41872.66885778551,21.784194732374356
8e-06,0.0008,0.0007,2e-05,1e-05,2e-05,20000,6.4,2e-06,5.0,41872.69883321399,21.913559896359082
8e-06,0.0008,0.0007,2e-05,1e-05,2e-05,20000,6.4,2e-06,5.0,41872.728199427154,22.037650892885967
8e-06,0.0008,0.0007,2e-05,1e-05,2e-05,20000,6.4,2e-06,5.0,41872.75695858497,22.15643785566672
8e-06,0.0008,0.0007,2e-05,1e-05,2e-05,20000,6.4,2e-06,5.0,41872.785112768186,22.26989219499125
8e-06,0.0008,0.0007,2e-05,1e-05,2e-05,20000,6.4,2e-06,5.0,41872.81266402224,22.37798660460736
8e-06,0.0008,0.0007,2e-05,1e-05,2e-05,20000,6.4,2e-06,5.0,41872.83961439853,22.480695068294114
8e-06,0.0008,0.0007,2e-05,1e-05,2e-05,20000,6.4,2e-06,5.0,41872.8659659934,22.57799286612281
8e-06,0.0008,0.0007,2e-05,1e-05,2e-05,20000,6.4,2e-06,5.0,41872.891720984924,22.669856580407092
8e-06,0.0008,0.0007,2e-05,1e-05,2e-05,20000,6.4,2e-06,5.0,41872.9168816676,22.756264101338203
8e-06,0.0008,0.0007,2e-05,1e-05,2e-05,20000,6.4,2e-06,5.0,41872.9414504852,22.83719463230731
8e-06,0.0008,0.0007,2e-05,1e-05,2e-05,20000,6.4,2e-06,5.0,41872.96543006178,22.912628694910456
8e-06,0.0008,0.0007,2e-05,1e-05,2e-05,20000,6.4,2e-06,5.0,41872.98882323113,22.982548133636733
8e-06,0.0008,0.0007,2e-05,1e-05,2e-05,20000,6.4,2e-06,5.0,41873.01163306462,23.046936120237476
8e-06,0.0008,0.0007,2e-05,1e-05,2e-05,20000,6.4,2e-06,5.0,41873.033862897704,23.105777157777386
8e-06,0.0008,0.0007,2e-05,1e-05,2e-05,20000,6.4,2e-06,5.0,41873.055516354965,23.159057084363695
8e-06,0.0008,0.0007,2e-05,1e-05,2e-05,20000,6.4,2e-06,5.0,41873.07659737403,23.20676307655471
8e-06,0.0008,0.0007,2e-05,1e-05,2e-05,20000,6.4,2e-06,5.0,41873.09711022826,23.248883652446725
8e-06,0.0008,0.0007,2e-05,1e-05,2e-05,20000,6.4,2e-06,5.0,41873.1170595484,23.285408674436376
8e-06,0.0008,0.0007,2e-05,1e-05,2e-05,20000,6.4,2e-06,5.0,41873.13645034317,23.316329351661665
8e-06,0.0008,0.0007,2e-05,1e-05,2e-05,20000,6.4,2e-06,5.0,41873.15528801901,23.34163824211752
8e-06,0.0008,0.0007,2e-05,1e-05,2e-05,20000,6.4,2e-06,5.0,41873.17357839886,23.361329254446275
8e-06,0.0008,0.0007,2e-05,1e-05,2e-05,20000,6.4,2e-06,5.0,41873.191327740235,23.375397649404515
8e-06,0.0008,0.0007,2e-05,1e-05,2e-05,20000,6.4,2e-06,5.0,41873.20854275252,23.383840041003154
8e-06,0.0008,0.0007,2e-05,1e-05,2e-05,20000,6.4,2e-06,5.0,41873.22523061359,23.38665439732302
8e-06,0.0008,0.0007,2e-05,1e-05,2e-05,20000,6.4,2e-06,5.0,41873.24139898584,23.383840041003154
8e-06,0.0008,0.0007,2e-05,1e-05,2e-05,20000,6.4,2e-06,5.0,41873.25705603169,23.375397649404515
8e-06,0.0008,0.0007,2e-05,1e-05,2e-05,20000,6.4,2e-06,5.0,41873.27221042858,23.36132925444627
8e-06,0.0008,0.0007,2e-05,1e-05,2e-05,20000,6.4,2e-06,5.0,41873.28687138356,23.341638242117515
8e-06,0.0008,0.0007,2e-05,1e-05,2e-05,20000,6.4,2e-06,5.0,41873.30104864753,23.31632935166167
8e-06,0.0008,0.0007,2e-05,1e-05,2e-05,20000,6.4,2e-06,5.0,41873.31475252914,23.285408674436376
8e-06,0.0008,0.0007,2e-05,1e-05,2e-05,20000,6.4,2e-06,5.0,41873.327993908584,23.248883652446718
8e-06,0.0008,0.0007,2e-05,1e-05,2e-05,20000,6.4,2e-06,5.0,41873.34078425115,23.20676307655472
8e-06,0.0008,0.0007,2e-05,1e-05,2e-05,20000,6.4,2e-06,5.0,41873.35313562061,23.159057084363702
8e-06,0.0008,0.0007,2e-05,1e-05,2e-05,20000,6.4,2e-06,5.0,41873.3650606928,23.105777157777386
8e-06,0.0008,0.0007,2e-05,1e-05,2e-05,20000,6.4,2e-06,5.0,41873.376572769186,23.046936120237476
8e-06,0.0008,0.0007,2e-05,1e-05,2e-05,20000,6.4,2e-06,5.0,41873.38768579048,22.98254813363674
8e-06,0.0008,0.0007,2e-05,1e-05,2e-05,20000,6.4,2e-06,5.0,41873.39841435062,22.912628694910456
8e-06,0.0008,0.0007,2e-05,1e-05,2e-05,20000,6.4,2e-06,5.0,41873.40877371113,22.837194632307316
8e-06,0.0008,0.0007,2e-05,1e-05,2e-05,20000,6.4,2e-06,5.0,41873.418779815685,22.756264101338214
8e-06,0.0008,0.0007,2e-05,1e-05,2e-05,20000,6.4,2e-06,5.0,41873.42844930555,22.669856580407092
8e-06,0.0008,0.0007,2e-05,1e-05,2e-05,20000,6.4,2e-06,5.0,41873.437799535415,22.577992866122813
8e-06,0.0008,0.0007,2e-05,1e-05,2e-05,20000,6.4,2e-06,5.0,41873.44684859009,22.48069506829411
8e-06,0.0008,0.0007,2e-05,1e-05,2e-05,20000,6.4,2e-06,5.0,41873.455615302235,22.37798660460737
8e-06,0.0008,0.0007,2e-05,1e-05,2e-05,20000,6.4,2e-06,5.0,41873.46411927094,22.26989219499126
8e-06,0.0008,0.0007,2e-05,1e-05,2e-05,20000,6.4,2e-06,5.0,41873.472380881736,22.15643785566672
8e-06,0.0008,0.0007,2e-05,1e-05,2e-05,20000,6.4,2e-06,5.0,41873.48042132792,22.037650892885974
8e-06,0.0008,0.0007,2e-05,1e-05,2e-05,20000,6.4,2e-06,5.0,41873.4882626334,21.91355989635909
8e-06,0.0008,0.0007,2e-05,1e-05,2e-05,20000,6.4,2e-06,5.0,41873.49592767748,21.78419473237435
8e-06,0.0008,0.0007,2e-05,1e-05,2e-05,20000,6.4,2e-06,5.0,41873.50344022158,21.649586536609696
8e-06,0.0008,0.0007,2e-05,1e-05,2e-05,20000,6.4,2e-06,5.0,41873.510824938174,21.50976770663824
8e-06,0.0008,0.0007,2e-05,1e-05,2e-05,20000,6.4,2e-06,5.0,41873.51810744238,21.364771894131753
8e-06,0.0008,0.0007,2e-05,1e-05,2e-05,20000,6.4,2e-06,5.0,41873.525314326354,21.21463399676106
8e-06,0.0008,0.0007,2e-05,1e-05,2e-05,20000,6.4,2e-06,5.0,41873.532473196916,21.059390149796297
8e-06,0.0008,0.0007,2e-05,1e-05,2e-05,20000,6.4,2e-06,5.0,41873.539612716544,20.89907771741094
8e-06,0.0008,0.0007,2e-05,1e-05,2e-05,20000,6.4,2e-06,5.0,41873.54676264862,20.733735283687558
8e-06,0.0008,0.0007,2e-05,1e-05,2e-05,20000,6.4,2e-06,5.0,41873.5539539068,20.5634026433329
8e-06,0.0008,0.0007,2e-05,1e-05,2e-05,20000,6.4,2e-06,5.0,41873.56121860957,20.38812079209908
8e-06,0.0008,0.0007,2e-05,1e-05,2e-05,20000,6.4,2e-06,5.0,41873.56859014011,20.207931916916774
8e-06,0.0008,0.0007,2e-05,1e-05,2e-05,20000,6.4,2e-06,5.0,41873.5761032123,20.022879385741916
8e-06,0.0008,0.0007,2e-05,1e-05,2e-05,20000,6.4,2e-06,5.0,41873.58379394374,19.83300773711806
8e-06,0.0008,0.0007,2e-05,1e-05,2e-05,20000,6.4,2e-06,5.0,41873.59169993615,19.638362669456342
8e-06,0.0008,0.0007,2e-05,1e-05,2e-05,20000,6.4,2e-06,5.0,41873.59986036446,19.438991030037055
8e-06,0.0008,0.0007,2e-05,1e-05,2e-05,20000,6.4,2e-06,5.0,41873.60831607536,19.23494080373416
8e-06,0.0008,0.0007,2e-05,1e-05,2e-05,20000,6.4,2e-06,5.0,41873.61710969649,19.026261101466737
8e-06,0.0008,0.0007,2e-05,1e-05,2e-05,20000,6.4,2e-06,5.0,41873.62628575768,18.813002148378274
8e-06,0.0008,0.0007,2e-05,1e-05,2e-05,20000,6.4,2e-06,5.0,41873.63589082549,18.595215271749222
8e-06,0.0008,0.0007,2e-05,1e-05,2e-05,20000,6.4,2e-06,5.0,41873.64597365281,18.372952888642875
8e-06,0.0008,0.0007,2e-05,1e-05,2e-05,20000,6.4,2e-06,5.0,41873.65658534549,18.146268493289913
8e-06,0.0008,0.0007,2e-05,1e-05,2e-05,20000,6.4,2e-06,5.0,41873.667779547926,17.91521664421331
8e-06,0.0008,0.0007,2e-05,1e-05,2e-05,20000,6.4,2e-06,5.0,41873.67961265029,17.679852951097196
8e-06,0.0008,0.0007,2e-05,1e-05,2e-05,20000,6.4,2e-06,5.0,41873.69214401999,17.4402340614026
8e-06,0.0008,0.0007,2e-05,1e-05,2e-05,20000,6.4,2e-06,5.0,41873.705436260876,17.196417646733615
8e-06,0.0008,0.0007,2e-05,1e-05,2e-05,20000,6.4,2e-06,5.0,41873.719555503696,16.94846238895692
8e-06,0.0008,0.0007,2e-05,1e-05,2e-05,20000,6.4,2e-06,5.0,41873.73457173206,16.69642796607815
8e-06,0.0008,0.0007,2e-05,1e-05,2e-05,20000,6.4,2e-06,5.0,41873.75055914913,16.440375037878635
8e-06,0.0008,0.0007,2e-05,1e-05,2e-05,20000,6.4,2e-06,5.0,41873.767596590864,16.18036523131575
8e-06,0.0008,0.0007,2e-05,1e-05,2e-05,20000,6.4,2e-06,5.0,41873.78576799207,15.916461125690473
8e-06,0.0008,0.0007,2e-05,1e-05,2e-05,20000,6.4,2e-06,5.0,41873.80516291391,15.648726237585802
8e-06,0.0008,0.0007,2e-05,1e-05,2e-05,20000,6.4,2e-06,5.0,41873.8258771414,15.377225005579541
8e-06,0.0008,0.0007,2e-05,1e-05,2e-05,20000,6.4,2e-06,5.0,41873.84801336243,15.102022774735156
8e-06,0.0008,0.0007,2e-05,1e-05,2e-05,20000,6.4,2e-06,5.0,41873.87168194075,14.823185780874548
8e-06,0.0008,0.0007,2e-05,1e-05,2e-05,20000,6.4,2e-06,5.0,41873.89700179815,14.540781134636328
8e-06,0.0008,0.0007,2e-05,1e-05,2e-05,20000,6.4,2e-06,5.0,41873.92410142437,14.254876805323637
8e-06,0.0008,0.0007,2e-05,1e-05,2e-05,20000,6.4,2e-06,5.0,41873.9531200359,13.96554160454518
8e-06,0.0008,0.0007,2e-05,1e-05,2e-05,20000,6.4,2e-06,5.0,41873.9842089099,13.672845169653742
8e-06,0.0008,0.0007,2e-05,1e-05,2e-05,20000,6.4,2e-06,5.0,41874.0175329243,13.376857946985686
8e-06,0.0008,0.0007,2e-05,1e-05,2e-05,20000,6.4,2e-06,5.0,41874.053272341866,13.077651174905977
8e-06,0.0008,0.0007,2e-05,1e-05,2e-05,20000,6.4,2e-06,5.0,41874.09162488421,12.775296866662497
8e-06,0.0008,0.0007,2e-05,1e-05,2e-05,20000,6.4,2e-06,5.0,41874.13280815136,12.469867793053805
8e-06,0.0008,0.0007,2e-05,1e-05,2e-05,20000,6.4,2e-06,5.0,41874.177062456,12.161437464914675
8e-06,0.0008,0.0007,2e-05,1e-05,2e-05,20000,6.4,2e-06,5.0,41874.22465415654,11.85008011542346
8e-06,0.0008,0.0007,2e-05,1e-05,2e-05,20000,6.4,2e-06,5.0,41874.275879594585,11.535870682235533
8e-06,0.0008,0.0007,2e-05,1e-05,2e-05,20000,6.4,2e-06,5.0,41874.33106976757,11.2188847894474
8e-06,0.0008,0.0007,2e-05,1e-05,2e-05,20000,6.4,2e-06,5.0,41874.390595901285,10.899198729395282
8e-06,0.0008,0.0007,2e-05,1e-05,2e-05,20000,6.4,2e-06,5.0,41874.45487613063,10.576889444293174
8e-06,0.0008,0.0007,2e-05,1e-05,2e-05,20000,6.4,2e-06,5.0,41874.524383553646,10.25203450771431
8e-06,0.0008,0.0007,2e-05,1e-05,2e-05,20000,6.4,2e-06,5.0,41874.59965599922,9.924712105920658
8e-06,0.0008,0.0007,2e-05,1e-05,2e-05,20000,6.4,2e-06,5.0,41874.68130794829,9.595001019045045
8e-06,0.0008,0.0007,2e-05,1e-05,2e-05,20000,6.4,2e-06,5.0,41874.77004518329,9.262980602130332
8e-06,0.0008,0.0007,2e-05,1e-05,2e-05,20000,6.4,2e-06,5.0,41874.86668292165,8.928730766030185
8e-06,0.0008,0.0007,2e-05,1e-05,2e-05,20000,6.4,2e-06,5.0,41874.97216843934,8.592331958176135
8e-06,0.0008,0.0007,2e-05,1e-05,2e-05,20000,6.4,2e-06,5.0,41875.08760953605,8.253865143215304
8e-06,0.0008,0.0007,2e-05,1e-05,2e-05,20000,6.4,2e-06,5.0,41875.21431068002,7.913411783523948
8e-06,0.0008,0.0007,2e-05,1e-05,2e-05,20000,6.4,2e-06,5.0,41875.35381936205,7.571053819600952
8e-06,0.0008,0.0007,2e-05,1e-05,2e-05,20000,6.4,2e-06,5.0,41875.507986187986,7.226873650346409
8e-06,0.0008,0.0007,2e-05,1e-05,2e-05,20000,6.4,2e-06,5.0,41875.67904370548,6.880954113229755
8e-06,0.0008,0.0007,2e-05,1e-05,2e-05,20000,6.4,2e-06,5.0,41875.86971115117,6.533378464352438
8e-06,0.0008,0.0007,2e-05,1e-05,2e-05,20000,6.4,2e-06,5.0,41876.08333563674,6.1842303584097715
8e-06,0.0008,0.0007,2e-05,1e-05,2e-05,20000,6.4,2e-06,5.0,41876.32408547142,5.833593828556873
8e-06,0.0008,0.0007,2e-05,1e-05,2e-05,20000,6.4,2e-06,5.0,41876.59721955368,5.481553266183573
8e-06,0.0008,0.0007,2e-05,1e-05,2e-05,20000,6.4,2e-06,5.0,41876.90947020098,5.128193400602986
8e-06,0.0008,0.0007,2e-05,1e-05,2e-05,20000,6.4,2e-06,5.0,41877.26959935101,4.773599278658806
8e-06,0.0008,0.0007,2e-05,1e-05,2e-05,20000,6.4,2e-06,5.0,41877.689227209936,4.417856244256261
8e-06,0.0008,0.0007,2e-05,1e-05,2e-05,20000,6.4,2e-06,5.1,41866.17492006417,4.142270916177869
8e-06,0.0008,0.0007,2e-05,1e-05,2e-05,20000,6.4,2e-06,5.1,41866.681840781595,4.5062133691413795
8e-06,0.0008,0.0007,2e-05,1e-05,2e-05,20000,6.4,2e-06,5.1,41867.11452810207,4.869071264231979
8e-06,0.0008,0.0007,2e-05,1e-05,2e-05,20000,6.4,2e-06,5.1,41867.488710341255,5.23075726861502
8e-06,0.0008,0.0007,2e-05,1e-05,2e-05,20000,6.4,2e-06,5.1,41867.81598854952,5.591184331507248
8e-06,0.0008,0.0007,2e-05,1e-05,2e-05,20000,6.4,2e-06,5.1,41868.10510623724,5.9502657051280154
8e-06,0.0008,0.0007,2e-05,1e-05,2e-05,20000,6.4,2e-06,5.1,41868.36277748021,6.307914965577952
8e-06,0.0008,0.0007,2e-05,1e-05,2e-05,20000,6.4,2e-06,5.1,41868.5942427862,6.664046033639485
8e-06,0.0008,0.0007,2e-05,1e-05,2e-05,20000,6.4,2e-06,5.1,41868.803651714894,7.018573195494344
8e-06,0.0008,0.0007,2e-05,1e-05,2e-05,20000,6.4,2e-06,5.1,41868.994332136084,7.37141112335333
8e-06,0.0008,0.0007,2e-05,1e-05,2e-05,20000,6.4,2e-06,5.1,41869.16898346807,7.722474895992967
8e-06,0.0008,0.0007,2e-05,1e-05,2e-05,20000,6.4,2e-06,5.1,41869.32981781149,8.071680019194407
8e-06,0.0008,0.0007,2e-05,1e-05,2e-05,20000,6.4,2e-06,5.1,41869.47866466581,8.4189424460796
8e-06,0.0008,0.0007,2e-05,1e-05,2e-05,20000,6.4,2e-06,5.1,41869.61704974019,8.764178597339646
8e-06,0.0008,0.0007,2e-05,1e-05,2e-05,20000,6.4,2e-06,5.1,41869.74625504062,9.107305381350791
8e-06,0.0008,0.0007,2e-05,1e-05,2e-05,20000,6.4,2e-06,5.1,41869.86736522595,9.448240214172912
8e-06,0.0008,0.0007,2e-05,1e-05,2e-05,20000,6.4,2e-06,5.1,41869.98130376046,9.786901039425931
8e-06,0.0008,0.0007,2e-05,1e-05,2e-05,20000,6.4,2e-06,5.1,41870.08886139081,10.123206348039055
8e-06,0.0008,0.0007,2e-05,1e-05,2e-05,20000,6.4,2e-06,5.1,41870.19071878471,10.457075197868592
8e-06,0.0008,0.0007,2e-05,1e-05,2e-05,20000,6.4,2e-06,5.1,41870.28746468201,10.78842723317905
8e-06,0.0008,0.0007,2e-05,1e-05,2e-05,20000,6.4,2e-06,5.1,41870.379610563796,11.117182703983174
8e-06,0.0008,0.0007,2e-05,1e-05,2e-05,20000,6.4,2e-06,5.1,41870.46760259493,11.443262485236332
8e-06,0.0008,0.0007,2e-05,1e-05,2e-05,20000,6.4,2e-06,5.1,41870.55183141452,11.766588095880232
8e-06,0.0008,0.0007,2e-05,1e-05,2e-05,20000,6.4,2e-06,5.1,41870.63264021383,12.087081717731907
8e-06,0.0008,0.0007,2e-05,1e-05,2e-05,20000,6.4,2e-06,5.1,41870.71033144191,12.40466621421297
8e-06,0.0008,0.0007,2e-05,1e-05,2e-05,20000,6.4,2e-06,5.1,41870.78517240399,12.719265148914866
8e-06,0.0008,0.0007,2e-05,1e-05,2e-05,20000,6.4,2e-06,5.1,41870.857399960754,13.030802803995725
8e-06,0.0008,0.0007,2e-05,1e-05,2e-05,20000,6.4,2e-06,5.1,41870.927224492974,13.33920419840408
8e-06,0.0008,0.0007,2e-05,1e-05,2e-05,20000,6.4,2e-06,5.1,41870.99483326253,13.644395105925382
8e-06,0.0008,0.0007,2e-05,1e-05,2e-05,20000,6.4,2e-06,5.1,41871.0603932751,13.94630207304681
8e-06,0.0008,0.0007,2e-05,1e-05,2e-05,20000,6.4,2e-06,5.1,41871.12405372868,14.244852436636085
8e-06,0.0008,0.0007,2e-05,1e-05,2e-05,20000,6.4,2e-06,5.1,41871.1859481169,14.539974341430087
8e-06,0.0008,0.0007,2e-05,1e-05,2e-05,20000,6.4,2e-06,5.1,41871.24619604292,14.83159675732905
8e-06,0.0008,0.0007,2e-05,1e-05,2e-05,20000,6.4,2e-06,5.1,41871.3049047896,15.119649496492038
8e-06,0.0008,0.0007,2e-05,1e-05,2e-05,20000,6.4,2e-06,5.1,41871.36217068385,15.404063230229854
8e-06,0.0008,0.0007,2e-05,1e-05,2e-05,20000,6.4,2e-06,5.1,41871.418080286196,15.684769505691122
8e-06,0.0008,0.0007,2e-05,1e-05,2e-05,20000,6.4,2e-06,5.1,41871.47271143142,15.961700762337522
8e-06,0.0008,0.0007,2e-05,1e-05,2e-05,20000,6.4,2e-06,5.1,41871.52613414207,16.23479034820428
8e-06,0.0008,0.0007,2e-05,1e-05,2e-05,20000,6.4,2e-06,5.1,41871.57841143256,16.503972535942065
8e-06,0.0008,0.0007,2e-05,1e-05,2e-05,20000,6.4,2e-06,5.1,41871.62960001968,16.76918253863621
8e-06,0.0008,0.0007,2e-05,1e-05,2e-05,20000,6.4,2e-06,5.1,41871.67975095157,17.03035652539969
8e-06,0.0008,0.0007,2e-05,1e-05,2e-05,20000,6.4,2e-06,5.1,41871.72891016666,17.28743163673606
8e-06,0.0008,0.0007,2e-05,1e-05,2e-05,20000,6.4,2e-06,5.1,41871.77711899148,17.540345999668283
8e-06,0.0008,0.0007,2e-05,1e-05,2e-05,20000,6.4,2e-06,5.1,41871.82441458533,17.78903874263064
8e-06,0.0008,0.0007,2e-05,1e-05,2e-05,20000,6.4,2e-06,5.1,41871.870830338536,18.033450010119115
8e-06,0.0008,0.0007,2e-05,1e-05,2e-05,20000,6.4,2e-06,5.1,41871.91639622977,18.273520977097565
8e-06,0.0008,0.0007,2e-05,1e-05,2e-05,20000,6.4,2e-06,5.1,41871.96113914809,18.509193863155694
8e-06,0.0008,0.0007,2e-05,1e-05,2e-05,20000,6.4,2e-06,5.1,41872.00508318305,18.74041194641572
8e-06,0.0008,0.0007,2e-05,1e-05,2e-05,20000,6.4,2e-06,5.1,41872.04824988743,18.967119577184217
8e-06,0.0008,0.0007,2e-05,1e-05,2e-05,20000,6.4,2e-06,5.1,41872.0906585152,19.189262191345755
8e-06,0.0008,0.0007,2e-05,1e-05,2e-05,20000,6.4,2e-06,5.1,41872.13232623779,19.406786323495947
8e-06,0.0008,0.0007,2e-05,1e-05,2e-05,20000,6.4,2e-06,5.1,41872.173268341,19.61963961980893
8e-06,0.0008,0.0007,2e-05,1e-05,2e-05,20000,6.4,2e-06,5.1,41872.21349840479,19.827770850637798
8e-06,0.0008,0.0007,2e-05,1e-05,2e-05,20000,6.4,2e-06,5.1,41872.25302846748,20.031129922845466
8e-06,0.0008,0.0007,2e-05,1e-05,2e-05,20000,6.4,2e-06,5.1,41872.29186917648,20.229667891860494
8e-06,0.0008,0.0007,2e-05,1e-05,2e-05,20000,6.4,2e-06,5.1,41872.33002992641,20.423336973456752
8e-06,0.0008,0.0007,2e-05,1e-05,2e-05,20000,6.4,2e-06,5.1,41872.36751898644,20.61209055525509
8e-06,0.0008,0.0007,2e-05,1e-05,2e-05,20000,6.4,2e-06,5.1,41872.40434361747,20.795883207940953
8e-06,0.0008,0.0007,2e-05,1e-05,2e-05,20000,6.4,2e-06,5.1,41872.44051018035,20.97467069619962
8e-06,0.0008,0.0007,2e-05,1e-05,2e-05,20000,6.4,2e-06,5.1,41872.47602423617,21.148409989361287
8e-06,0.0008,0.0007,2e-05,1e-05,2e-05,20000,6.4,2e-06,5.1,41872.51089063894,21.317059271759085
8e-06,0.0008,0.0007,2e-05,1e-05,2e-05,20000,6.4,2e-06,5.1,41872.545113621825,21.48057795279232
8e-06,0.0008,0.0007,2e-05,1e-05,2e-05,20000,6.4,2e-06,5.1,41872.57869687719,21.638926676696265
8e-06,0.0008,0.0007,2e-05,1e-05,2e-05,20000,6.4,2e-06,5.1,41872.6116436312,21.7920673320145
8e-06,0.0008,0.0007,2e-05,1e-05,2e-05,20000,6.4,2e-06,5.1,41872.643956713444,21.939963060770996
8e-06,0.0008,0.0007,2e-05,1e-05,2e-05,20000,6.4,2e-06,5.1,41872.67563862178,22.082578267341834
8e-06,0.0008,0.0007,2e-05,1e-05,2e-05,20000,6.4,2e-06,5.1,41872.70669158316,22.21987862702185
8e-06,0.0008,0.0007,2e-05,1e-05,2e-05,20000,6.4,2e-06,5.1,41872.73711761049,22.351831094286222
8e-06,0.0008,0.0007,2e-05,1e-05,2e-05,20000,6.4,2e-06,5.1,41872.76691855602,22.478403910743655
8e-06,0.0008,0.0007,2e-05,1e-05,2e-05,20000,6.4,2e-06,5.1,41872.79609616135,22.59956661278015
8e-06,0.0008,0.0007,2e-05,1e-05,2e-05,20000,6.4,2e-06,5.1,41872.82465210453,22.715290038890963
8e-06,0.0008,0.0007,2e-05,1e-05,2e-05,20000,6.4,2e-06,5.1,41872.852588044356,22.825546336699468
8e-06,0.0008,0.0007,2e-05,1e-05,2e-05,20000,6.4,2e-06,5.1,41872.87990566203,22.930308969659972
8e-06,0.0008,0.0007,2e-05,1e-05,2e-05,20000,6.4,2e-06,5.1,41872.90660670045,23.029552723445363
8e-06,0.0008,0.0007,2e-05,1e-05,2e-05,20000,6.4,2e-06,5.1,41872.932693001465,23.12325371201522
8e-06,0.0008,0.0007,2e-05,1e-05,2e-05,20000,6.4,2e-06,5.1,41872.9581665407,23.211389383365006
8e-06,0.0008,0.0007,2e-05,1e-05,2e-05,20000,6.4,2e-06,5.1,41872.983029460855,23.293938524953568
8e-06,0.0008,0.0007,2e-05,1e-05,2e-05,20000,6.4,2e-06,5.1,41873.007284103,23.370881268808738
8e-06,0.0008,0.0007,2e-05,1e-05,2e-05,20000,6.4,2e-06,5.1,41873.03093303616,23.44219909630937
8e-06,0.0008,0.0007,2e-05,1e-05,2e-05,20000,6.4,2e-06,5.1,41873.053979085664,23.507874842642128
8e-06,0.0008,0.0007,2e-05,1e-05,2e-05,20000,6.4,2e-06,5.1,41873.076425359606,23.567892700932838
8e-06,0.0008,0.0007,2e-05,1e-05,2e-05,20000,6.4,2e-06,5.1,41873.09827527428,23.62223822605085
8e-06,0.0008,0.0007,2e-05,1e-05,2e-05,20000,6.4,2e-06,5.1,41873.11953257827,23.670898338085763
8e-06,0.0008,0.0007,2e-05,1e-05,2e-05,20000,6.4,2e-06,5.1,41873.140201375325,23.713861325495593
8e-06,0.0008,0.0007,2e-05,1e-05,2e-05,20000,6.4,2e-06,5.1,41873.16028614608,23.75111684792506
8e-06,0.0008,0.0007,2e-05,1e-05,2e-05,20000,6.4,2e-06,5.1,41873.17979176894,23.78265593869494
8e-06,0.0008,0.0007,2e-05,1e-05,2e-05,20000,6.4,2e-06,5.1,41873.19872353984,23.808471006959856
8e-06,0.0008,0.0007,2e-05,1e-05,2e-05,20000,6.4,2e-06,5.1,41873.21708719118,23.828555839535223
8e-06,0.0008,0.0007,2e-05,1e-05,2e-05,20000,6.4,2e-06,5.1,41873.234888909974,23.84290560239261
8e-06,0.0008,0.0007,2e-05,1e-05,2e-05,20000,6.4,2e-06,5.1,41873.252135355186,23.851516841823152
8e-06,0.0008,0.0007,2e-05,1e-05,2e-05,20000,6.4,2e-06,5.1,41873.26883367445,23.854387485269474
8e-06,0.0008,0.0007,2e-05,1e-05,2e-05,20000,6.4,2e-06,5.1,41873.2849915201,23.851516841823155
8e-06,0.0008,0.0007,2e-05,1e-05,2e-05,20000,6.4,2e-06,5.1,41873.300617064684,23.8429056023926
8e-06,0.0008,0.0007,2e-05,1e-05,2e-05,20000,6.4,2e-06,5.1,41873.31571901596,23.828555839535223
8e-06,0.0008,0.0007,2e-05,1e-05,2e-05,20000,6.4,2e-06,5.1,41873.33030663143,23.808471006959845
8e-06,0.0008,0.0007,2e-05,1e-05,2e-05,20000,6.4,2e-06,5.1,41873.34438973259,23.782655938694937
8e-06,0.0008,0.0007,2e-05,1e-05,2e-05,20000,6.4,2e-06,5.1,41873.3579787187,23.751116847925058
8e-06,0.0008,0.0007,2e-05,1e-05,2e-05,20000,6.4,2e-06,5.1,41873.3710845805,23.71386132549559
8e-06,0.0008,0.0007,2e-05,1e-05,2e-05,20000,6.4,2e-06,5.1,41873.383718913676,23.67089833808577
8e-06,0.0008,0.0007,2e-05,1e-05,2e-05,20000,6.4,2e-06,5.1,41873.39589393215,23.622238226050854
8e-06,0.0008,0.0007,2e-05,1e-05,2e-05,20000,6.4,2e-06,5.1,41873.40762248147,23.56789270093283
8e-06,0.0008,0.0007,2e-05,1e-05,2e-05,20000,6.4,2e-06,5.1,41873.41891805221,23.50787484264214
8e-06,0.0008,0.0007,2e-05,1e-05,2e-05,20000,6.4,2e-06,5.1,41873.42979479339,23.442199096309377
8e-06,0.0008,0.0007,2e-05,1e-05,2e-05,20000,6.4,2e-06,5.1,41873.44026752637,23.37088126880874
8e-06,0.0008,0.0007,2e-05,1e-05,2e-05,20000,6.4,2e-06,5.1,41873.45035175881,23.293938524953575
8e-06,0.0008,0.0007,2e-05,1e-05,2e-05,20000,6.4,2e-06,5.1,41873.46006369919,23.211389383365006
8e-06,0.0008,0.0007,2e-05,1e-05,2e-05,20000,6.4,2e-06,5.1,41873.46942027185,23.12325371201522
8e-06,0.0008,0.0007,2e-05,1e-05,2e-05,20000,6.4,2e-06,5.1,41873.478439132596,23.02955272344537
8e-06,0.0008,0.0007,2e-05,1e-05,2e-05,20000,6.4,2e-06,5.1,41873.48713868514,22.930308969659972
8e-06,0.0008,0.0007,2e-05,1e-05,2e-05,20000,6.4,2e-06,5.1,41873.49553809845,22.82554633669947
8e-06,0.0008,0.0007,2e-05,1e-05,2e-05,20000,6.4,2e-06,5.1,41873.50365732509,22.715290038890963
8e-06,0.0008,0.0007,2e-05,1e-05,2e-05,20000,6.4,2e-06,5.1,41873.511517120896,22.59956661278015
8e-06,0.0008,0.0007,2e-05,1e-05,2e-05,20000,6.4,2e-06,5.1,41873.519139065815,22.478403910743662
8e-06,0.0008,0.0007,2e-05,1e-05,2e-05,20000,6.4,2e-06,5.1,41873.52654558651,22.351831094286222
8e-06,0.0008,0.0007,2e-05,1e-05,2e-05,20000,6.4,2e-06,5.1,41873.53375998073,22.219878627021846
8e-06,0.0008,0.0007,2e-05,1e-05,2e-05,20000,6.4,2e-06,5.1,41873.540806443554,22.082578267341834
8e-06,0.0008,0.0007,2e-05,1e-05,2e-05,20000,6.4,2e-06,5.1,41873.547710096034,21.939963060771
8e-06,0.0008,0.0007,2e-05,1e-05,2e-05,20000,6.4,2e-06,5.1,41873.55449701626,21.792067332014504
8e-06,0.0008,0.0007,2e-05,1e-05,2e-05,20000,6.4,2e-06,5.1,41873.56119427336,21.638926676696258
8e-06,0.0008,0.0007,2e-05,1e-05,2e-05,20000,6.4,2e-06,5.1,41873.56782996459,21.480577952792327
8e-06,0.0008,0.0007,2e-05,1e-05,2e-05,20000,6.4,2e-06,5.1,41873.57443325596,21.317059271759085
8e-06,0.0008,0.0007,2e-05,1e-05,2e-05,20000,6.4,2e-06,5.1,41873.581034426934,21.14840998936129
8e-06,0.0008,0.0007,2e-05,1e-05,2e-05,20000,6.4,2e-06,5.1,41873.58766491934,20.974670696199624
8e-06,0.0008,0.0007,2e-05,1e-05,2e-05,20000,6.4,2e-06,5.1,41873.594357391354,20.795883207940953
8e-06,0.0008,0.0007,2e-05,1e-05,2e-05,20000,6.4,2e-06,5.1,41873.6011457769,20.612090555255104
8e-06,0.0008,0.0007,2e-05,1e-05,2e-05,20000,6.4,2e-06,5.1,41873.60806535115,20.423336973456756
8e-06,0.0008,0.0007,2e-05,1e-05,2e-05,20000,6.4,2e-06,5.1,41873.61515280291,20.22966789186049
8e-06,0.0008,0.0007,2e-05,1e-05,2e-05,20000,6.4,2e-06,5.1,41873.62244631456,20.031129922845476
8e-06,0.0008,0.0007,2e-05,1e-05,2e-05,20000,6.4,2e-06,5.1,41873.629985650536,19.827770850637798
8e-06,0.0008,0.0007,2e-05,1e-05,2e-05,20000,6.4,2e-06,5.1,41873.637812255336,19.619639619808932
8e-06,0.0008,0.0007,2e-05,1e-05,2e-05,20000,6.4,2e-06,5.1,41873.645969362144,19.406786323495947
8e-06,0.0008,0.0007,2e-05,1e-05,2e-05,20000,6.4,2e-06,5.1,41873.654502113466,19.18926219134576
8e-06,0.0008,0.0007,2e-05,1e-05,2e-05,20000,6.4,2e-06,5.1,41873.663457695046,18.967119577184224
8e-06,0.0008,0.0007,2e-05,1e-05,2e-05,20000,6.4,2e-06,5.1,41873.67288548498,18.740411946415737
8e-06,0.0008,0.0007,2e-05,1e-05,2e-05,20000,6.4,2e-06,5.1,41873.682837219596,18.509193863155694
8e-06,0.0008,0.0007,2e-05,1e-05,2e-05,20000,6.4,2e-06,5.1,41873.69336717858,18.273520977097565
8e-06,0.0008,0.0007,2e-05,1e-05,2e-05,20000,6.4,2e-06,5.1,41873.704532391486,18.03345001011913
8e-06,0.0008,0.0007,2e-05,1e-05,2e-05,20000,6.4,2e-06,5.1,41873.71639286867,17.789038742630648
8e-06,0.0008,0.0007,2e-05,1e-05,2e-05,20000,6.4,2e-06,5.1,41873.72901185977,17.540345999668304
8e-06,0.0008,0.0007,2e-05,1e-05,2e-05,20000,6.4,2e-06,5.1,41873.7424561436,17.287431636736056
8e-06,0.0008,0.0007,2e-05,1e-05,2e-05,20000,6.4,2e-06,5.1,41873.75679635352,17.030356525399714
8e-06,0.0008,0.0007,2e-05,1e-05,2e-05,20000,6.4,2e-06,5.1,41873.7721073435,16.769182538636212
8e-06,0.0008,0.0007,2e-05,1e-05,2e-05,20000,6.4,2e-06,5.1,41873.78846860063,16.503972535942065
8e-06,0.0008,0.0007,2e-05,1e-05,2e-05,20000,6.4,2e-06,5.1,41873.8059647107,16.234790348204296
8e-06,0.0008,0.0007,2e-05,1e-05,2e-05,20000,6.4,2e-06,5.1,41873.8246858849,15.961700762337527
8e-06,0.0008,0.0007,2e-05,1e-05,2e-05,20000,6.4,2e-06,5.1,41873.844728556935,15.684769505691147
8e-06,0.0008,0.0007,2e-05,1e-05,2e-05,20000,6.4,2e-06,5.1,41873.86619606117,15.404063230229854
8e-06,0.0008,0.0007,2e-05,1e-05,2e-05,20000,6.4,2e-06,5.1,41873.88919940513,15.11964949649203
8e-06,0.0008,0.0007,2e-05,1e-05,2e-05,20000,6.4,2e-06,5.1,41873.91385815109,14.831596757329068
8e-06,0.0008,0.0007,2e-05,1e-05,2e-05,20000,6.4,2e-06,5.1,41873.94030142524,14.539974341430106
8e-06,0.0008,0.0007,2e-05,1e-05,2e-05,20000,6.4,2e-06,5.1,41873.968669076006,14.244852436636087
8e-06,0.0008,0.0007,2e-05,1e-05,2e-05,20000,6.4,2e-06,5.1,41873.99911300723,13.946302073046807
8e-06,0.0008,0.0007,2e-05,1e-05,2e-05,20000,6.4,2e-06,5.1,41874.0317987178,13.644395105925378
8e-06,0.0008,0.0007,2e-05,1e-05,2e-05,20000,6.4,2e-06,5.1,41874.066907085056,13.339204198404094
8e-06,0.0008,0.0007,2e-05,1e-05,2e-05,20000,6.4,2e-06,5.1,41874.104636438155,13.030802803995748
8e-06,0.0008,0.0007,2e-05,1e-05,2e-05,20000,6.4,2e-06,5.1,41874.145204977154,12.719265148914884
8e-06,0.0008,0.0007,2e-05,1e-05,2e-05,20000,6.4,2e-06,5.1,41874.18885360659,12.40466621421297
8e-06,0.0008,0.0007,2e-05,1e-05,2e-05,20000,6.4,2e-06,5.1,41874.23584926806,12.087081717731925
8e-06,0.0008,0.0007,2e-05,1e-05,2e-05,20000,6.4,2e-06,5.1,41874.28648887707,11.766588095880252
8e-06,0.0008,0.0007,2e-05,1e-05,2e-05,20000,6.4,2e-06,5.1,41874.341103995095,11.443262485236346
8e-06,0.0008,0.0007,2e-05,1e-05,2e-05,20000,6.4,2e-06,5.1,41874.40006640164,11.117182703983188
8e-06,0.0008,0.0007,2e-05,1e-05,2e-05,20000,6.4,2e-06,5.1,41874.46379477439,10.788427233179046
8e-06,0.0008,0.0007,2e-05,1e-05,2e-05,20000,6.4,2e-06,5.1,41874.5327627428,10.457075197868607
8e-06,0.0008,0.0007,2e-05,1e-05,2e-05,20000,6.4,2e-06,5.1,41874.60750865516,10.123206348039059
8e-06,0.0008,0.0007,2e-05,1e-05,2e-05,20000,6.4,2e-06,5.1,41874.688647499395,9.786901039425933
8e-06,0.0008,0.0007,2e-05,1e-05,2e-05,20000,6.4,2e-06,5.1,41874.77688555205,9.448240214172932
8e-06,0.0008,0.0007,2e-05,1e-05,2e-05,20000,6.4,2e-06,5.1,41874.87303851119,9.107305381350791
8e-06,0.0008,0.0007,2e-05,1e-05,2e-05,20000,6.4,2e-06,5.1,41874.978054119616,8.764178597339667
8e-06,0.0008,0.0007,2e-05,1e-05,2e-05,20000,6.4,2e-06,5.1,41875.09304062952,8.418942446079619
8e-06,0.0008,0.0007,2e-05,1e-05,2e-05,20000,6.4,2e-06,5.1,41875.21930294688,8.071680019194426
8e-06,0.0008,0.0007,2e-05,1e-05,2e-05,20000,6.4,2e-06,5.1,41875.358388985034,7.722474895992965
8e-06,0.0008,0.0007,2e-05,1e-05,2e-05,20000,6.4,2e-06,5.1,41875.51214975685,7.371411123353351
8e-06,0.0008,0.0007,2e-05,1e-05,2e-05,20000,6.4,2e-06,5.1,41875.68281820101,7.018573195494349
8e-06,0.0008,0.0007,2e-05,1e-05,2e-05,20000,6.4,2e-06,5.1,41875.87311392877,6.664046033639485
8e-06,0.0008,0.0007,2e-05,1e-05,2e-05,20000,6.4,2e-06,5.1,41876.086384409806,6.307914965577968
8e-06,0.0008,0.0007,2e-05,1e-05,2e-05,20000,6.4,2e-06,5.1,41876.32679829424,5.9502657051280154
8e-06,0.0008,0.0007,2e-05,1e-05,2e-05,20000,6.4,2e-06,5.1,41876.599614804065,5.591184331507248
8e-06,0.0008,0.0007,2e-05,1e-05,2e-05,20000,6.4,2e-06,5.1,41876.91156656257,5.230757268615038
8e-06,0.0008,0.0007,2e-05,1e-05,2e-05,20000,6.4,2e-06,5.1,41877.27141579527,4.869071264231979
8e-06,0.0008,0.0007,2e-05,1e-05,2e-05,20000,6.4,2e-06,5.1,41877.69078297787,4.506213369141379
8e-06,0.0008,0.0007,2e-05,1e-05,2e-05,20000,6.4,2e-06,5.2,41866.17626144832,4.223491914534307
8e-06,0.0008,0.0007,2e-05,1e-05,2e-05,20000,6.4,2e-06,5.2,41866.683428191034,4.594570494026499
8e-06,0.0008,0.0007,2e-05,1e-05,2e-05,20000,6.4,2e-06,5.2,41867.116381414,4.9645432498051525
8e-06,0.0008,0.0007,2e-05,1e-05,2e-05,20000,6.4,2e-06,5.2,41867.49084917684,5.333321136627094
8e-06,0.0008,0.0007,2e-05,1e-05,2e-05,20000,6.4,2e-06,5.2,41867.81843225494,5.700815396830905
8e-06,0.0008,0.0007,2e-05,1e-05,2e-05,20000,6.4,2e-06,5.2,41868.107873865076,6.066937581699142
8e-06,0.0008,0.0007,2e-05,1e-05,2e-05,20000,6.4,2e-06,5.2,41868.36588777107,6.431599572746147
8e-06,0.0008,0.0007,2e-05,1e-05,2e-05,20000,6.4,2e-06,5.2,41868.59771415078,6.7947136029265325
8e-06,0.0008,0.0007,2e-05,1e-05,2e-05,20000,6.4,2e-06,5.2,41868.80750221612,7.156192277758934
8e-06,0.0008,0.0007,2e-05,1e-05,2e-05,20000,6.4,2e-06,5.2,41868.998579471794,7.515948596360255
8e-06,0.0008,0.0007,2e-05,1e-05,2e-05,20000,6.4,2e-06,5.2,41869.17364495393,7.87389597238498
8e-06,0.0008,0.0007,2e-05,1e-05,2e-05,20000,6.4,2e-06,5.2,41869.3349103644,8.229948254864903
8e-06,0.0008,0.0007,2e-05,1e-05,2e-05,20000,6.4,2e-06,5.2,41869.48420478752,8.58401974894391
8e-06,0.0008,0.0007,2e-05,1e-05,2e-05,20000,6.4,2e-06,5.2,41869.62305350147,8.936025236503177
8e-06,0.0008,0.0007,2e-05,1e-05,2e-05,20000,6.4,2e-06,5.2,41869.75273806577,9.285879996671396
8e-06,0.0008,0.0007,2e-05,1e-05,2e-05,20000,6.4,2e-06,5.2,41869.874342677795,9.633499826215536
8e-06,0.0008,0.0007,2e-05,1e-05,2e-05,20000,6.4,2e-06,5.2,41869.988790325675,9.97880105980682
8e-06,0.0008,0.0007,2e-05,1e-05,2e-05,20000,6.4,2e-06,5.2,41870.09687126585,10.32170059015747
8e-06,0.0008,0.0007,2e-05,1e-05,2e-05,20000,6.4,2e-06,5.2,41870.19926566212,10.662115888022873
8e-06,0.0008,0.0007,2e-05,1e-05,2e-05,20000,6.4,2e-06,5.2,41870.296561737254,10.999965022064904
8e-06,0.0008,0.0007,2e-05,1e-05,2e-05,20000,6.4,2e-06,5.2,41870.38927044258,11.335166678571081
8e-06,0.0008,0.0007,2e-05,1e-05,2e-05,20000,6.4,2e-06,5.2,41870.47783740102,11.667640181025279
8e-06,0.0008,0.0007,2e-05,1e-05,2e-05,20000,6.4,2e-06,5.2,41870.56265269808,11.997305509524953
8e-06,0.0008,0.0007,2e-05,1e-05,2e-05,20000,6.4,2e-06,5.2,41870.64405896031,12.324083320040375
8e-06,0.0008,0.0007,2e-05,1e-05,2e-05,20000,6.4,2e-06,5.2,41870.72235806152,12.647894963511266
8e-06,0.0008,0.0007,2e-05,1e-05,2e-05,20000,6.4,2e-06,5.2,41870.79781672163,12.968662504775946
8e-06,0.0008,0.0007,2e-05,1e-05,2e-05,20000,6.4,2e-06,5.2,41870.870671206576,13.286308741328977
8e-06,0.0008,0.0007,2e-05,1e-05,2e-05,20000,6.4,2e-06,5.2,41870.94113129349,13.60075722190219
8e-06,0.0008,0.0007,2e-05,1e-05,2e-05,20000,6.4,2e-06,5.2,41871.00938363239,13.911932264865097
8e-06,0.0008,0.0007,2e-05,1e-05,2e-05,20000,6.4,2e-06,5.2,41871.07559460925,14.219758976439875
8e-06,0.0008,0.0007,2e-05,1e-05,2e-05,20000,6.4,2e-06,5.2,41871.139912795385,14.52416326872699
8e-06,0.0008,0.0007,2e-05,1e-05,2e-05,20000,6.4,2e-06,5.2,41871.20247105112,14.825071877536566
8e-06,0.0008,0.0007,2e-05,1e-05,2e-05,20000,6.4,2e-06,5.2,41871.26338834047,15.122412380021778
8e-06,0.0008,0.0007,2e-05,1e-05,2e-05,20000,6.4,2e-06,5.2,41871.32277130188,15.41611321210953
8e-06,0.0008,0.0007,2e-05,1e-05,2e-05,20000,6.4,2e-06,5.2,41871.38071561316,15.706103685724555
8e-06,0.0008,0.0007,2e-05,1e-05,2e-05,20000,6.4,2e-06,5.2,41871.437307181666,15.99231400580273
8e-06,0.0008,0.0007,2e-05,1e-05,2e-05,20000,6.4,2e-06,5.2,41871.49262318567,16.27467528708923
8e-06,0.0008,0.0007,2e-05,1e-05,2e-05,20000,6.4,2e-06,5.2,41871.546732988376,16.553119570718092
8e-06,0.0008,0.0007,2e-05,1e-05,2e-05,20000,6.4,2e-06,5.2,41871.599698942766,16.827579840568383
8e-06,0.0008,0.0007,2e-05,1e-05,2e-05,20000,6.4,2e-06,5.2,41871.65157710264,17.097990039393782
8e-06,0.0008,0.0007,2e-05,1e-05,2e-05,20000,6.4,2e-06,5.2,41871.7024178523,17.364285084721256
8e-06,0.0008,0.0007,2e-05,1e-05,2e-05,20000,6.4,2e-06,5.2,41871.752266466116,17.626400884515185
8e-06,0.0008,0.0007,2e-05,1e-05,2e-05,20000,6.4,2e-06,5.2,41871.801163606986,17.88427435260296
8e-06,0.0008,0.0007,2e-05,1e-05,2e-05,20000,6.4,2e-06,5.2,41871.8491457716,18.137843423858694
8e-06,0.0008,0.0007,2e-05,1e-05,2e-05,20000,6.4,2e-06,5.2,41871.89624568935,18.38704706914108
8e-06,0.0008,0.0007,2e-05,1e-05,2e-05,20000,6.4,2e-06,5.2,41871.94249268038,18.63182530998184
8e-06,0.0008,0.0007,2e-05,1e-05,2e-05,20000,6.4,2e-06,5.2,41871.98791297803,18.872119233021497
8e-06,0.0008,0.0007,2e-05,1e-05,2e-05,20000,6.4,2e-06,5.2,41872.032530019904,19.107871004188485
8e-06,0.0008,0.0007,2e-05,1e-05,2e-05,20000,6.4,2e-06,5.2,41872.07636471091,19.339023882619152
8e-06,0.0008,0.0007,2e-05,1e-05,2e-05,20000,6.4,2e-06,5.2,41872.11943566207,19.565522234313416
8e-06,0.0008,0.0007,2e-05,1e-05,2e-05,20000,6.4,2e-06,5.2,41872.161759407245,19.787311545525345
8e-06,0.0008,0.0007,2e-05,1e-05,2e-05,20000,6.4,2e-06,5.2,41872.20335060084,20.004338435883522
8e-06,0.0008,0.0007,2e-05,1e-05,2e-05,20000,6.4,2e-06,5.2,41872.24422219802,20.216550671238547
8e-06,0.0008,0.0007,2e-05,1e-05,2e-05,20000,6.4,2e-06,5.2,41872.284385619605,20.423897176234597
8e-06,0.0008,0.0007,2e-05,1e-05,2e-05,20000,6.4,2e-06,5.2,41872.3238509034,20.626328046602733
8e-06,0.0008,0.0007,2e-05,1e-05,2e-05,20000,6.4,2e-06,5.2,41872.36262684289,20.823794561171592
8e-06,0.0008,0.0007,2e-05,1e-05,2e-05,20000,6.4,2e-06,5.2,41872.40072111511,21.01624919359343
8e-06,0.0008,0.0007,2e-05,1e-05,2e-05,20000,6.4,2e-06,5.2,41872.438140398466,21.203645623783014
8e-06,0.0008,0.0007,2e-05,1e-05,2e-05,20000,6.4,2e-06,5.2,41872.4748904815,21.385938749066348
8e-06,0.0008,0.0007,2e-05,1e-05,2e-05,20000,6.4,2e-06,5.2,41872.510976363665,21.56308469503503
8e-06,0.0008,0.0007,2e-05,1e-05,2e-05,20000,6.4,2e-06,5.2,41872.54640234862,21.735040826107415
8e-06,0.0008,0.0007,2e-05,1e-05,2e-05,20000,6.4,2e-06,5.2,41872.581172130966,21.901765755788162
8e-06,0.0008,0.0007,2e-05,1e-05,2e-05,20000,6.4,2e-06,5.2,41872.61528887684,22.063219356631457
8e-06,0.0008,0.0007,2e-05,1e-05,2e-05,20000,6.4,2e-06,5.2,41872.648755298964,22.21936276989707
8e-06,0.0008,0.0007,2e-05,1e-05,2e-05,20000,6.4,2e-06,5.2,41872.68157372677,22.370158414903766
8e-06,0.0008,0.0007,2e-05,1e-05,2e-05,20000,6.4,2e-06,5.2,41872.71374617178,22.51556999807396
8e-06,0.0008,0.0007,2e-05,1e-05,2e-05,20000,6.4,2e-06,5.2,41872.74527438889,22.655562521669342
8e-06,0.0008,0.0007,2e-05,1e-05,2e-05,20000,6.4,2e-06,5.2,41872.77615993361,22.790102292213355
8e-06,0.0008,0.0007,2e-05,1e-05,2e-05,20000,6.4,2e-06,5.2,41872.806404215946,22.919156928601343
8e-06,0.0008,0.0007,2e-05,1e-05,2e-05,20000,6.4,2e-06,5.2,41872.836008550876,23.04269536989339
8e-06,0.0008,0.0007,2e-05,1e-05,2e-05,20000,6.4,2e-06,5.2,41872.86497420578,23.160687882790864
8e-06,0.0008,0.0007,2e-05,1e-05,2e-05,20000,6.4,2e-06,5.2,41872.89330244517,23.273106068791577
8e-06,0.0008,0.0007,2e-05,1e-05,2e-05,20000,6.4,2e-06,5.2,41872.92099457268,23.379922871025823
8e-06,0.0008,0.0007,2e-05,1e-05,2e-05,20000,6.4,2e-06,5.2,41872.94805197089,23.481112580767743
8e-06,0.0008,0.0007,2e-05,1e-05,2e-05,20000,6.4,2e-06,5.2,41872.97447613863,23.57665084362336
8e-06,0.0008,0.0007,2e-05,1e-05,2e-05,20000,6.4,2e-06,5.2,41873.00026872644,23.666514665391812
8e-06,0.0008,0.0007,2e-05,1e-05,2e-05,20000,6.4,2e-06,5.2,41873.025431569964,23.750682417599638
8e-06,0.0008,0.0007,2e-05,1e-05,2e-05,20000,6.4,2e-06,5.2,41873.04996672167,23.829133842706998
8e-06,0.0008,0.0007,2e-05,1e-05,2e-05,20000,6.4,2e-06,5.2,41873.07387648069,23.901850058982202
8e-06,0.0008,0.0007,2e-05,1e-05,2e-05,20000,6.4,2e-06,5.2,41873.09716342128,23.968813565046972
8e-06,0.0008,0.0007,2e-05,1e-05,2e-05,20000,6.4,2e-06,5.2,41873.11983041975,24.03000824408847
8e-06,0.0008,0.0007,2e-05,1e-05,2e-05,20000,6.4,2e-06,5.2,41873.14188068003,24.085419367738197
8e-06,0.0008,0.0007,2e-05,1e-05,2e-05,20000,6.4,2e-06,5.2,41873.16331775789,24.135033599617007
8e-06,0.0008,0.0007,2e-05,1e-05,2e-05,20000,6.4,2e-06,5.2,41873.18414558406,24.178838998544446
8e-06,0.0008,0.0007,2e-05,1e-05,2e-05,20000,6.4,2e-06,5.2,41873.2043684862,24.216825021413747
8e-06,0.0008,0.0007,2e-05,1e-05,2e-05,20000,6.4,2e-06,5.2,41873.22399120976,24.248982525728216
8e-06,0.0008,0.0007,2e-05,1e-05,2e-05,20000,6.4,2e-06,5.2,41873.243018937996,24.275303771802186
8e-06,0.0008,0.0007,2e-05,1e-05,2e-05,20000,6.4,2e-06,5.2,41873.26145731096,24.295782424624175
8e-06,0.0008,0.0007,2e-05,1e-05,2e-05,20000,6.4,2e-06,5.2,41873.27931244378,24.3104135553807
8e-06,0.0008,0.0007,2e-05,1e-05,2e-05,20000,6.4,2e-06,5.2,41873.296590944025,24.319193642643352
8e-06,0.0008,0.0007,2e-05,1e-05,2e-05,20000,6.4,2e-06,5.2,41873.31329992845,24.32212057321593
8e-06,0.0008,0.0007,2e-05,1e-05,2e-05,20000,6.4,2e-06,5.2,41873.32944703917,24.319193642643345
8e-06,0.0008,0.0007,2e-05,1e-05,2e-05,20000,6.4,2e-06,5.2,41873.34504045905,24.310413555380695
8e-06,0.0008,0.0007,2e-05,1e-05,2e-05,20000,6.4,2e-06,5.2,41873.36008892673,24.295782424624175
8e-06,0.0008,0.0007,2e-05,1e-05,2e-05,20000,6.4,2e-06,5.2,41873.37460175123,24.275303771802182
8e-06,0.0008,0.0007,2e-05,1e-05,2e-05,20000,6.4,2e-06,5.2,41873.38858882596,24.248982525728213
8e-06,0.0008,0.0007,2e-05,1e-05,2e-05,20000,6.4,2e-06,5.2,41873.40206064262,24.21682502141374
8e-06,0.0008,0.0007,2e-05,1e-05,2e-05,20000,6.4,2e-06,5.2,41873.4150283047,24.178838998544446
8e-06,0.0008,0.0007,2e-05,1e-05,2e-05,20000,6.4,2e-06,5.2,41873.42750354087,24.135033599617014
8e-06,0.0008,0.0007,2e-05,1e-05,2e-05,20000,6.4,2e-06,5.2,41873.439498718115,24.085419367738204
8e-06,0.0008,0.0007,2e-05,1e-05,2e-05,20000,6.4,2e-06,5.2,41873.45102685507,24.030008244088464
8e-06,0.0008,0.0007,2e-05,1e-05,2e-05,20000,6.4,2e-06,5.2,41873.46210163516,23.968813565046972
8e-06,0.0008,0.0007,2e-05,1e-05,2e-05,20000,6.4,2e-06,5.2,41873.47273741988,23.9018500589822
8e-06,0.0008,0.0007,2e-05,1e-05,2e-05,20000,6.4,2e-06,5.2,41873.482949262434,23.829133842706995
8e-06,0.0008,0.0007,2e-05,1e-05,2e-05,20000,6.4,2e-06,5.2,41873.49275292158,23.750682417599645
8e-06,0.0008,0.0007,2e-05,1e-05,2e-05,20000,6.4,2e-06,5.2,41873.50216487577,23.666514665391812
8e-06,0.0008,0.0007,2e-05,1e-05,2e-05,20000,6.4,2e-06,5.2,41873.511202338,23.57665084362336
8e-06,0.0008,0.0007,2e-05,1e-05,2e-05,20000,6.4,2e-06,5.2,41873.51988327118,23.481112580767743
8e-06,0.0008,0.0007,2e-05,1e-05,2e-05,20000,6.4,2e-06,5.2,41873.52822640421,23.37992287102582
8e-06,0.0008,0.0007,2e-05,1e-05,2e-05,20000,6.4,2e-06,5.2,41873.53625124909,23.273106068791584
8e-06,0.0008,0.0007,2e-05,1e-05,2e-05,20000,6.4,2e-06,5.2,41873.543978118796,23.160687882790874
8e-06,0.0008,0.0007,2e-05,1e-05,2e-05,20000,6.4,2e-06,5.2,41873.55142814675,23.04269536989339
8e-06,0.0008,0.0007,2e-05,1e-05,2e-05,20000,6.4,2e-06,5.2,41873.558623307246,22.919156928601353
8e-06,0.0008,0.0007,2e-05,1e-05,2e-05,20000,6.4,2e-06,5.2,41873.56558643767,22.790102292213348
8e-06,0.0008,0.0007,2e-05,1e-05,2e-05,20000,6.4,2e-06,5.2,41873.57234126248,22.655562521669335
8e-06,0.0008,0.0007,2e-05,1e-05,2e-05,20000,6.4,2e-06,5.2,41873.57891241901,22.515569998073964
8e-06,0.0008,0.0007,2e-05,1e-05,2e-05,20000,6.4,2e-06,5.2,41873.58532548576,22.37015841490377
8e-06,0.0008,0.0007,2e-05,1e-05,2e-05,20000,6.4,2e-06,5.2,41873.591607012924,22.21936276989707
8e-06,0.0008,0.0007,2e-05,1e-05,2e-05,20000,6.4,2e-06,5.2,41873.59778455605,22.06321935663146
8e-06,0.0008,0.0007,2e-05,1e-05,2e-05,20000,6.4,2e-06,5.2,41873.60388671252,21.90176575578816
8e-06,0.0008,0.0007,2e-05,1e-05,2e-05,20000,6.4,2e-06,5.2,41873.60994316189,21.735040826107408
8e-06,0.0008,0.0007,2e-05,1e-05,2e-05,20000,6.4,2e-06,5.2,41873.6159847099,21.563084695035037
8e-06,0.0008,0.0007,2e-05,1e-05,2e-05,20000,6.4,2e-06,5.2,41873.62204333693,21.385938749066348
8e-06,0.0008,0.0007,2e-05,1e-05,2e-05,20000,6.4,2e-06,5.2,41873.62815225159,21.203645623783014
8e-06,0.0008,0.0007,2e-05,1e-05,2e-05,20000,6.4,2e-06,5.2,41873.63434594944,21.016249193593435
8e-06,0.0008,0.0007,2e-05,1e-05,2e-05,20000,6.4,2e-06,5.2,41873.64066027801,20.823794561171592
8e-06,0.0008,0.0007,2e-05,1e-05,2e-05,20000,6.4,2e-06,5.2,41873.647132508646,20.626328046602726
8e-06,0.0008,0.0007,2e-05,1e-05,2e-05,20000,6.4,2e-06,5.2,41873.65380141588,20.423897176234597
8e-06,0.0008,0.0007,2e-05,1e-05,2e-05,20000,6.4,2e-06,5.2,41873.66070736532,20.21655067123854
8e-06,0.0008,0.0007,2e-05,1e-05,2e-05,20000,6.4,2e-06,5.2,41873.66789241109,20.004338435883522
8e-06,0.0008,0.0007,2e-05,1e-05,2e-05,20000,6.4,2e-06,5.2,41873.6754004039,19.787311545525345
8e-06,0.0008,0.0007,2e-05,1e-05,2e-05,20000,6.4,2e-06,5.2,41873.68327711106,19.565522234313416
8e-06,0.0008,0.0007,2e-05,1e-05,2e-05,20000,6.4,2e-06,5.2,41873.69157034976,19.339023882619163
8e-06,0.0008,0.0007,2e-05,1e-05,2e-05,20000,6.4,2e-06,5.2,41873.70033013563,19.10787100418867
8e-06,0.0008,0.0007,2e-05,1e-05,2e-05,20000,6.4,2e-06,5.2,41873.70960884805,18.8721192330215
8e-06,0.0008,0.0007,2e-05,1e-05,2e-05,20000,6.4,2e-06,5.2,41873.7194614145,18.631825309981856
8e-06,0.0008,0.0007,2e-05,1e-05,2e-05,20000,6.4,2e-06,5.2,41873.72994551656,18.38704706914108
8e-06,0.0008,0.0007,2e-05,1e-05,2e-05,20000,6.4,2e-06,5.2,41873.74112182027,18.1378434238587
8e-06,0.0008,0.0007,2e-05,1e-05,2e-05,20000,6.4,2e-06,5.2,41873.75305423384,17.88427435260296
8e-06,0.0008,0.0007,2e-05,1e-05,2e-05,20000,6.4,2e-06,5.2,41873.76581019702,17.626400884515185
8e-06,0.0008,0.0007,2e-05,1e-05,2e-05,20000,6.4,2e-06,5.2,41873.77946100576,17.36428508472128
8e-06,0.0008,0.0007,2e-05,1e-05,2e-05,20000,6.4,2e-06,5.2,41873.79408217769,17.097990039393785
8e-06,0.0008,0.0007,2e-05,1e-05,2e-05,20000,6.4,2e-06,5.2,41873.80975386395,16.827579840568387
8e-06,0.0008,0.0007,2e-05,1e-05,2e-05,20000,6.4,2e-06,5.2,41873.82656131416,16.553119570718106
8e-06,0.0008,0.0007,2e-05,1e-05,2e-05,20000,6.4,2e-06,5.2,41873.8445954025,16.27467528708923
8e-06,0.0008,0.0007,2e-05,1e-05,2e-05,20000,6.4,2e-06,5.2,41873.863953224114,15.992314005802726
8e-06,0.0008,0.0007,2e-05,1e-05,2e-05,20000,6.4,2e-06,5.2,41873.8847387727,15.706103685724553
8e-06,0.0008,0.0007,2e-05,1e-05,2e-05,20000,6.4,2e-06,5.2,41873.907063712286,15.41611321210953
8e-06,0.0008,0.0007,2e-05,1e-05,2e-05,20000,6.4,2e-06,5.2,41873.93104825826,15.12241238002179
8e-06,0.0008,0.0007,2e-05,1e-05,2e-05,20000,6.4,2e-06,5.2,41873.95682218595,14.825071877536583
8e-06,0.0008,0.0007,2e-05,1e-05,2e-05,20000,6.4,2e-06,5.2,41873.98452598816,14.524163268727008
8e-06,0.0008,0.0007,2e-05,1e-05,2e-05,20000,6.4,2e-06,5.2,41874.014312207895,14.21975897643988
8e-06,0.0008,0.0007,2e-05,1e-05,2e-05,20000,6.4,2e-06,5.2,41874.04634697725,13.911932264865095
8e-06,0.0008,0.0007,2e-05,1e-05,2e-05,20000,6.4,2e-06,5.2,41874.080811800304,13.600757221902215
8e-06,0.0008,0.0007,2e-05,1e-05,2e-05,20000,6.4,2e-06,5.2,41874.11790562581,13.286308741329
8e-06,0.0008,0.0007,2e-05,1e-05,2e-05,20000,6.4,2e-06,5.2,41874.15784726573,12.968662504775958
8e-06,0.0008,0.0007,2e-05,1e-05,2e-05,20000,6.4,2e-06,5.2,41874.20087822823,12.647894963511268
8e-06,0.0008,0.0007,2e-05,1e-05,2e-05,20000,6.4,2e-06,5.2,41874.24726604956,12.3240833200404
8e-06,0.0008,0.0007,2e-05,1e-05,2e-05,20000,6.4,2e-06,5.2,41874.29730823052,11.997305509524951
8e-06,0.0008,0.0007,2e-05,1e-05,2e-05,20000,6.4,2e-06,5.2,41874.351336907814,11.66764018102529
8e-06,0.0008,0.0007,2e-05,1e-05,2e-05,20000,6.4,2e-06,5.2,41874.40972442563,11.335166678571095
8e-06,0.0008,0.0007,2e-05,1e-05,2e-05,20000,6.4,2e-06,5.2,41874.472890015204,10.999965022064908
8e-06,0.0008,0.0007,2e-05,1e-05,2e-05,20000,6.4,2e-06,5.2,41874.54130784786,10.662115888022887
8e-06,0.0008,0.0007,2e-05,1e-05,2e-05,20000,6.4,2e-06,5.2,41874.61551680165,10.321700590157473
8e-06,0.0008,0.0007,2e-05,1e-05,2e-05,20000,6.4,2e-06,5.2,41874.69613238153,9.978801059806838
8e-06,0.0008,0.0007,2e-05,1e-05,2e-05,20000,6.4,2e-06,5.2,41874.78386136788,9.633499826215532
8e-06,0.0008,0.0007,2e-05,1e-05,2e-05,20000,6.4,2e-06,5.2,41874.87951994902,9.285879996671396
8e-06,0.0008,0.0007,2e-05,1e-05,2e-05,20000,6.4,2e-06,5.2,41874.98405634376,8.936025236503196
8e-06,0.0008,0.0007,2e-05,1e-05,2e-05,20000,6.4,2e-06,5.2,41875.098579265774,8.584019748943907
8e-06,0.0008,0.0007,2e-05,1e-05,2e-05,20000,6.4,2e-06,5.2,41875.22439406744,8.229948254864903
8e-06,0.0008,0.0007,2e-05,1e-05,2e-05,20000,6.4,2e-06,5.2,41875.36304909305,7.873895972385003
8e-06,0.0008,0.0007,2e-05,1e-05,2e-05,20000,6.4,2e-06,5.2,41875.5163957705,7.515948596360277
8e-06,0.0008,0.0007,2e-05,1e-05,2e-05,20000,6.4,2e-06,5.2,41875.68666743724,7.1561922777589535
8e-06,0.0008,0.0007,2e-05,1e-05,2e-05,20000,6.4,2e-06,5.2,41875.876584086676,6.79471360292655
8e-06,0.0008,0.0007,2e-05,1e-05,2e-05,20000,6.4,2e-06,5.2,41876.089493553474,6.431599572746167
8e-06,0.0008,0.0007,2e-05,1e-05,2e-05,20000,6.4,2e-06,5.2,41876.32956483543,6.066937581699158
8e-06,0.0008,0.0007,2e-05,1e-05,2e-05,20000,6.4,2e-06,5.2,41876.60205748446,5.700815396830922
8e-06,0.0008,0.0007,2e-05,1e-05,2e-05,20000,6.4,2e-06,5.2,41876.91370443574,5.333321136627113
8e-06,0.0008,0.0007,2e-05,1e-05,2e-05,20000,6.4,2e-06,5.2,41877.27326820831,4.964543249805152
8e-06,0.0008,0.0007,2e-05,1e-05,2e-05,20000,6.4,2e-06,5.2,41877.69236955281,4.594570494026517
8e-06,0.0008,0.0007,2e-05,1e-05,2e-05,20000,6.4,2e-06,5.3,41866.17762887853,4.304712912890725
8e-06,0.0008,0.0007,2e-05,1e-05,2e-05,20000,6.4,2e-06,5.3,41866.685046423634,4.682927618911636
8e-06,0.0008,0.0007,2e-05,1e-05,2e-05,20000,6.4,2e-06,5.3,41867.11827071217,5.060015235378329
8e-06,0.0008,0.0007,2e-05,1e-05,2e-05,20000,6.4,2e-06,5.3,41867.493029542646,5.435885004639149
8e-06,0.0008,0.0007,2e-05,1e-05,2e-05,20000,6.4,2e-06,5.3,41867.82092341021,5.81044646215458
8e-06,0.0008,0.0007,2e-05,1e-05,2e-05,20000,6.4,2e-06,5.3,41868.1106952323,6.183609458270284
8e-06,0.0008,0.0007,2e-05,1e-05,2e-05,20000,6.4,2e-06,5.3,41868.36905845475,6.555284179914346
8e-06,0.0008,0.0007,2e-05,1e-05,2e-05,20000,6.4,2e-06,5.3,41868.601252919005,6.925381172213577
8e-06,0.0008,0.0007,2e-05,1e-05,2e-05,20000,6.4,2e-06,5.3,41868.81142748254,7.293811360023544
8e-06,0.0008,0.0007,2e-05,1e-05,2e-05,20000,6.4,2e-06,5.3,41869.00290927782,7.66048606936718
8e-06,0.0008,0.0007,2e-05,1e-05,2e-05,20000,6.4,2e-06,5.3,41869.178396951436,8.025317048776998
8e-06,0.0008,0.0007,2e-05,1e-05,2e-05,20000,6.4,2e-06,5.3,41869.34010179863,8.388216490535374
8e-06,0.0008,0.0007,2e-05,1e-05,2e-05,20000,6.4,2e-06,5.3,41869.48985248063,8.749097051808205
8e-06,0.0008,0.0007,2e-05,1e-05,2e-05,20000,6.4,2e-06,5.3,41869.629173836205,9.107871875666692
8e-06,0.0008,0.0007,2e-05,1e-05,2e-05,20000,6.4,2e-06,5.3,41869.759346969746,9.464454611992004
8e-06,0.0008,0.0007,2e-05,1e-05,2e-05,20000,6.4,2e-06,5.3,41869.88145560813,9.81875943825813
8e-06,0.0008,0.0007,2e-05,1e-05,2e-05,20000,6.4,2e-06,5.3,41869.99642225419,10.17070108018772
8e-06,0.0008,0.0007,2e-05,1e-05,2e-05,20000,6.4,2e-06,5.3,41870.10503666455,10.520194832275886
8e-06,0.0008,0.0007,2e-05,1e-05,2e-05,20000,6.4,2e-06,5.3,41870.20797848934,10.867156578177173
8e-06,0.0008,0.0007,2e-05,1e-05,2e-05,20000,6.4,2e-06,5.3,41870.30583542419,11.211502810950764
8e-06,0.0008,0.0007,2e-05,1e-05,2e-05,20000,6.4,2e-06,5.3,41870.399117880355,11.553150653158985
8e-06,0.0008,0.0007,2e-05,1e-05,2e-05,20000,6.4,2e-06,5.3,41870.48827092832,11.892017876814222
8e-06,0.0008,0.0007,2e-05,1e-05,2e-05,20000,6.4,2e-06,5.3,41870.57368408924,12.228022923169668
8e-06,0.0008,0.0007,2e-05,1e-05,2e-05,20000,6.4,2e-06,5.3,41870.65569941399,12.561084922348842
8e-06,0.0008,0.0007,2e-05,1e-05,2e-05,20000,6.4,2e-06,5.3,41870.734618189934,12.891123712809561
8e-06,0.0008,0.0007,2e-05,1e-05,2e-05,20000,6.4,2e-06,5.3,41870.81070654033,13.21805986063702
8e-06,0.0008,0.0007,2e-05,1e-05,2e-05,20000,6.4,2e-06,5.3,41870.884200124834,13.541814678662227
8e-06,0.0008,0.0007,2e-05,1e-05,2e-05,20000,6.4,2e-06,5.3,41870.95530810522,13.862310245400312
8e-06,0.0008,0.0007,2e-05,1e-05,2e-05,20000,6.4,2e-06,5.3,41871.02421650767,14.17946942380481
8e-06,0.0008,0.0007,2e-05,1e-05,2e-05,20000,6.4,2e-06,5.3,41871.09109108655,14.493215879832965
8e-06,0.0008,0.0007,2e-05,1e-05,2e-05,20000,6.4,2e-06,5.3,41871.1560797742,14.803474100817889
8e-06,0.0008,0.0007,2e-05,1e-05,2e-05,20000,6.4,2e-06,5.3,41871.21931478545,15.110169413643035
8e-06,0.0008,0.0007,2e-05,1e-05,2e-05,20000,6.4,2e-06,5.3,41871.28091443271,15.413228002714503
8e-06,0.0008,0.0007,2e-05,1e-05,2e-05,20000,6.4,2e-06,5.3,41871.34098469748,15.712576927727019
8e-06,0.0008,0.0007,2e-05,1e-05,2e-05,20000,6.4,2e-06,5.3,41871.39962059589,16.00814414121927
8e-06,0.0008,0.0007,2e-05,1e-05,2e-05,20000,6.4,2e-06,5.3,41871.45690736947,16.29985850591431
8e-06,0.0008,0.0007,2e-05,1e-05,2e-05,20000,6.4,2e-06,5.3,41871.51292152721,16.587649811840965
8e-06,0.0008,0.0007,2e-05,1e-05,2e-05,20000,6.4,2e-06,5.3,41871.56773176014,16.871448793231906
8e-06,0.0008,0.0007,2e-05,1e-05,2e-05,20000,6.4,2e-06,5.3,41871.621399747,17.151187145194687
8e-06,0.0008,0.0007,2e-05,1e-05,2e-05,20000,6.4,2e-06,5.3,41871.67398086572,17.426797540151345
8e-06,0.0008,0.0007,2e-05,1e-05,2e-05,20000,6.4,2e-06,5.3,41871.72552482388,17.698213644042827
8e-06,0.0008,0.0007,2e-05,1e-05,2e-05,20000,6.4,2e-06,5.3,41871.77607621892,17.965370132294318
8e-06,0.0008,0.0007,2e-05,1e-05,2e-05,20000,6.4,2e-06,5.3,41871.82567503718,18.22820270553763
8e-06,0.0008,0.0007,2e-05,1e-05,2e-05,20000,6.4,2e-06,5.3,41871.874357099914,18.486648105086754
8e-06,0.0008,0.0007,2e-05,1e-05,2e-05,20000,6.4,2e-06,5.3,41871.92215446274,18.740644128163023
8e-06,0.0008,0.0007,2e-05,1e-05,2e-05,20000,6.4,2e-06,5.3,41871.969095774446,18.990129642866126
8e-06,0.0008,0.0007,2e-05,1e-05,2e-05,20000,6.4,2e-06,5.3,41872.015206600074,19.23504460288738
8e-06,0.0008,0.0007,2e-05,1e-05,2e-05,20000,6.4,2e-06,5.3,41872.06050971245,19.47533006196134
8e-06,0.0008,0.0007,2e-05,1e-05,2e-05,20000,6.4,2e-06,5.3,41872.105025356155,19.710928188054098
8e-06,0.0008,0.0007,2e-05,1e-05,2e-05,20000,6.4,2e-06,5.3,41872.14877148668,19.941782277280872
8e-06,0.0008,0.0007,2e-05,1e-05,2e-05,20000,6.4,2e-06,5.3,41872.19176398808,20.167836767554746
8e-06,0.0008,0.0007,2e-05,1e-05,2e-05,20000,6.4,2e-06,5.3,41872.234016871014,20.389037251958122
8e-06,0.0008,0.0007,2e-05,1e-05,2e-05,20000,6.4,2e-06,5.3,41872.275542453724,20.605330491839286
8e-06,0.0008,0.0007,2e-05,1e-05,2e-05,20000,6.4,2e-06,5.3,41872.31635152761,20.816664429623728
8e-06,0.0008,0.0007,2e-05,1e-05,2e-05,20000,6.4,2e-06,5.3,41872.356453509,21.02298820134516
8e-06,0.0008,0.0007,2e-05,1e-05,2e-05,20000,6.4,2e-06,5.3,41872.3958565786,21.224252148886432
8e-06,0.0008,0.0007,2e-05,1e-05,2e-05,20000,6.4,2e-06,5.3,41872.43456780982,21.420407831931772
8e-06,0.0008,0.0007,2e-05,1e-05,2e-05,20000,6.4,2e-06,5.3,41872.47259328725,21.611408039625072
8e-06,0.0008,0.0007,2e-05,1e-05,2e-05,20000,6.4,2e-06,5.3,41872.50993821603,21.79720680193288
8e-06,0.0008,0.0007,2e-05,1e-05,2e-05,20000,6.4,2e-06,5.3,41872.54660702308,21.97775940070896
8e-06,0.0008,0.0007,2e-05,1e-05,2e-05,20000,6.4,2e-06,5.3,41872.58260345106,22.153022380455553
8e-06,0.0008,0.0007,2e-05,1e-05,2e-05,20000,6.4,2e-06,5.3,41872.61793064554,22.322953558784192
8e-06,0.0008,0.0007,2e-05,1e-05,2e-05,20000,6.4,2e-06,5.3,41872.65259123618,22.487512036566642
8e-06,0.0008,0.0007,2e-05,1e-05,2e-05,20000,6.4,2e-06,5.3,41872.68658741235,22.646658207779634
8e-06,0.0008,0.0007,2e-05,1e-05,2e-05,20000,6.4,2e-06,5.3,41872.719920993615,22.800353769036533
8e-06,0.0008,0.0007,2e-05,1e-05,2e-05,20000,6.4,2e-06,5.3,41872.75259349574,22.948561728806098
8e-06,0.0008,0.0007,2e-05,1e-05,2e-05,20000,6.4,2e-06,5.3,41872.78460619235,23.09124641631682
8e-06,0.0008,0.0007,2e-05,1e-05,2e-05,20000,6.4,2e-06,5.3,41872.81596017273,23.22837349014048
8e-06,0.0008,0.0007,2e-05,1e-05,2e-05,20000,6.4,2e-06,5.3,41872.8466563961,23.359909946459034
8e-06,0.0008,0.0007,2e-05,1e-05,2e-05,20000,6.4,2e-06,5.3,41872.87669574248,23.485824127006826
8e-06,0.0008,0.0007,2e-05,1e-05,2e-05,20000,6.4,2e-06,5.3,41872.90607906062,23.606085726690576
8e-06,0.0008,0.0007,2e-05,1e-05,2e-05,20000,6.4,2e-06,5.3,41872.93480721312,23.720665800883673
8e-06,0.0008,0.0007,2e-05,1e-05,2e-05,20000,6.4,2e-06,5.3,41872.96288111878,23.82953677239168
8e-06,0.0008,0.0007,2e-05,1e-05,2e-05,20000,6.4,2e-06,5.3,41872.99030179273,23.932672438090297
8e-06,0.0008,0.0007,2e-05,1e-05,2e-05,20000,6.4,2e-06,5.3,41873.01707038427,24.03004797523148
8e-06,0.0008,0.0007,2e-05,1e-05,2e-05,20000,6.4,2e-06,5.3,41873.04318821248,24.121639947418615
8e-06,0.0008,0.0007,2e-05,1e-05,2e-05,20000,6.4,2e-06,5.3,41873.06865680003,24.2074263102459
8e-06,0.0008,0.0007,2e-05,1e-05,2e-05,20000,6.4,2e-06,5.3,41873.09347790516,24.287386416605074
8e-06,0.0008,0.0007,2e-05,1e-05,2e-05,20000,6.4,2e-06,5.3,41873.11765355184,24.361501021654846
8e-06,0.0008,0.0007,2e-05,1e-05,2e-05,20000,6.4,2e-06,5.3,41873.14118605846,24.42975228745162
8e-06,0.0008,0.0007,2e-05,1e-05,2e-05,20000,6.4,2e-06,5.3,41873.16407806506,24.492123787243916
8e-06,0.0008,0.0007,2e-05,1e-05,2e-05,20000,6.4,2e-06,5.3,41873.186332559,24.54860050942536
8e-06,0.0008,0.0007,2e-05,1e-05,2e-05,20000,6.4,2e-06,5.3,41873.20795289955,24.59916886114806
8e-06,0.0008,0.0007,2e-05,1e-05,2e-05,20000,6.4,2e-06,5.3,41873.22894284108,24.643816671593495
8e-06,0.0008,0.0007,2e-05,1e-05,2e-05,20000,6.4,2e-06,5.3,41873.24930655527,24.682533194902437
8e-06,0.0008,0.0007,2e-05,1e-05,2e-05,20000,6.4,2e-06,5.3,41873.269048652044,24.715309112761485
8e-06,0.0008,0.0007,2e-05,1e-05,2e-05,20000,6.4,2e-06,5.3,41873.28817419982,24.74213653664453
8e-06,0.0008,0.0007,2e-05,1e-05,2e-05,20000,6.4,2e-06,5.3,41873.3066887445,24.76300900971312
8e-06,0.0008,0.0007,2e-05,1e-05,2e-05,20000,6.4,2e-06,5.3,41873.324598327934,24.777921508368784
8e-06,0.0008,0.0007,2e-05,1e-05,2e-05,20000,6.4,2e-06,5.3,41873.34190950528,24.786870443463354
8e-06,0.0008,0.0007,2e-05,1e-05,2e-05,20000,6.4,2e-06,5.3,41873.35862936187,24.789853661162397
8e-06,0.0008,0.0007,2e-05,1e-05,2e-05,20000,6.4,2e-06,5.3,41873.37476552931,24.786870443463343
8e-06,0.0008,0.0007,2e-05,1e-05,2e-05,20000,6.4,2e-06,5.3,41873.39032620106,24.77792150836879
8e-06,0.0008,0.0007,2e-05,1e-05,2e-05,20000,6.4,2e-06,5.3,41873.405320147234,24.76300900971313
8e-06,0.0008,0.0007,2e-05,1e-05,2e-05,20000,6.4,2e-06,5.3,41873.4197567293,24.74213653664452
8e-06,0.0008,0.0007,2e-05,1e-05,2e-05,20000,6.4,2e-06,5.3,41873.43364591407,24.715309112761492
8e-06,0.0008,0.0007,2e-05,1e-05,2e-05,20000,6.4,2e-06,5.3,41873.44699828742,24.682533194902437
8e-06,0.0008,0.0007,2e-05,1e-05,2e-05,20000,6.4,2e-06,5.3,41873.45982506778,24.643816671593505
8e-06,0.0008,0.0007,2e-05,1e-05,2e-05,20000,6.4,2e-06,5.3,41873.47213811936,24.599168861148055
8e-06,0.0008,0.0007,2e-05,1e-05,2e-05,20000,6.4,2e-06,5.3,41873.483949965266,24.54860050942536
8e-06,0.0008,0.0007,2e-05,1e-05,2e-05,20000,6.4,2e-06,5.3,41873.495273800516,24.492123787243912
8e-06,0.0008,0.0007,2e-05,1e-05,2e-05,20000,6.4,2e-06,5.3,41873.5061235051,24.42975228745162
8e-06,0.0008,0.0007,2e-05,1e-05,2e-05,20000,6.4,2e-06,5.3,41873.516513657145,24.361501021654846
8e-06,0.0008,0.0007,2e-05,1e-05,2e-05,20000,6.4,2e-06,5.3,41873.52645954621,24.28738641660508
8e-06,0.0008,0.0007,2e-05,1e-05,2e-05,20000,6.4,2e-06,5.3,41873.53597718694,24.20742631024591
8e-06,0.0008,0.0007,2e-05,1e-05,2e-05,20000,6.4,2e-06,5.3,41873.54508333306,24.121639947418615
8e-06,0.0008,0.0007,2e-05,1e-05,2e-05,20000,6.4,2e-06,5.3,41873.55379549183,24.03004797523148
8e-06,0.0008,0.0007,2e-05,1e-05,2e-05,20000,6.4,2e-06,5.3,41873.56213193921,23.932672438090293
8e-06,0.0008,0.0007,2e-05,1e-05,2e-05,20000,6.4,2e-06,5.3,41873.57011173559,23.82953677239167
8e-06,0.0008,0.0007,2e-05,1e-05,2e-05,20000,6.4,2e-06,5.3,41873.577754742604,23.720665800883676
8e-06,0.0008,0.0007,2e-05,1e-05,2e-05,20000,6.4,2e-06,5.3,41873.58508164072,23.606085726690587
8e-06,0.0008,0.0007,2e-05,1e-05,2e-05,20000,6.4,2e-06,5.3,41873.592113948194,23.48582412700682
8e-06,0.0008,0.0007,2e-05,1e-05,2e-05,20000,6.4,2e-06,5.3,41873.598874041374,23.35990994645904
8e-06,0.0008,0.0007,2e-05,1e-05,2e-05,20000,6.4,2e-06,5.3,41873.6053851763,23.228373490140488
8e-06,0.0008,0.0007,2e-05,1e-05,2e-05,20000,6.4,2e-06,5.3,41873.61167151239,23.091246416316828
8e-06,0.0008,0.0007,2e-05,1e-05,2e-05,20000,6.4,2e-06,5.3,41873.617758137865,22.948561728806098
8e-06,0.0008,0.0007,2e-05,1e-05,2e-05,20000,6.4,2e-06,5.3,41873.6236710975,22.800353769036537
8e-06,0.0008,0.0007,2e-05,1e-05,2e-05,20000,6.4,2e-06,5.3,41873.629437422795,22.64665820777964
8e-06,0.0008,0.0007,2e-05,1e-05,2e-05,20000,6.4,2e-06,5.3,41873.63508516511,22.487512036566653
8e-06,0.0008,0.0007,2e-05,1e-05,2e-05,20000,6.4,2e-06,5.3,41873.640643431725,22.322953558784196
8e-06,0.0008,0.0007,2e-05,1e-05,2e-05,20000,6.4,2e-06,5.3,41873.646142425605,22.153022380455557
8e-06,0.0008,0.0007,2e-05,1e-05,2e-05,20000,6.4,2e-06,5.3,41873.65161348898,21.97775940070896
8e-06,0.0008,0.0007,2e-05,1e-05,2e-05,20000,6.4,2e-06,5.3,41873.65708915135,21.797206801932877
8e-06,0.0008,0.0007,2e-05,1e-05,2e-05,20000,6.4,2e-06,5.3,41873.662603182325,21.61140803962507
8e-06,0.0008,0.0007,2e-05,1e-05,2e-05,20000,6.4,2e-06,5.3,41873.668190650045,21.42040783193177
8e-06,0.0008,0.0007,2e-05,1e-05,2e-05,20000,6.4,2e-06,5.3,41873.6738879855,21.22425214888643
8e-06,0.0008,0.0007,2e-05,1e-05,2e-05,20000,6.4,2e-06,5.3,41873.67973305387,21.02298820134517
8e-06,0.0008,0.0007,2e-05,1e-05,2e-05,20000,6.4,2e-06,5.3,41873.685765233306,20.816664429623728
8e-06,0.0008,0.0007,2e-05,1e-05,2e-05,20000,6.4,2e-06,5.3,41873.692025502256,20.605330491839286
8e-06,0.0008,0.0007,2e-05,1e-05,2e-05,20000,6.4,2e-06,5.3,41873.69855653634,20.389037251958314
8e-06,0.0008,0.0007,2e-05,1e-05,2e-05,20000,6.4,2e-06,5.3,41873.70540281576,20.167836767554753
8e-06,0.0008,0.0007,2e-05,1e-05,2e-05,20000,6.4,2e-06,5.3,41873.71261074469,19.941782277280875
8e-06,0.0008,0.0007,2e-05,1e-05,2e-05,20000,6.4,2e-06,5.3,41873.72022878412,19.710928188054098
8e-06,0.0008,0.0007,2e-05,1e-05,2e-05,20000,6.4,2e-06,5.3,41873.72830759957,19.475330061961348
8e-06,0.0008,0.0007,2e-05,1e-05,2e-05,20000,6.4,2e-06,5.3,41873.73690022585,19.235044602887374
8e-06,0.0008,0.0007,2e-05,1e-05,2e-05,20000,6.4,2e-06,5.3,41873.746062250895,18.990129642866126
8e-06,0.0008,0.0007,2e-05,1e-05,2e-05,20000,6.4,2e-06,5.3,41873.755852021,18.74064412816302
8e-06,0.0008,0.0007,2e-05,1e-05,2e-05,20000,6.4,2e-06,5.3,41873.76633087054,18.486648105086758
8e-06,0.0008,0.0007,2e-05,1e-05,2e-05,20000,6.4,2e-06,5.3,41873.777563379095,18.228202705537644
8e-06,0.0008,0.0007,2e-05,1e-05,2e-05,20000,6.4,2e-06,5.3,41873.78961766017,17.965370132294336
8e-06,0.0008,0.0007,2e-05,1e-05,2e-05,20000,6.4,2e-06,5.3,41873.802565685204,17.69821364404283
8e-06,0.0008,0.0007,2e-05,1e-05,2e-05,20000,6.4,2e-06,5.3,41873.81648364834,17.42679754015136
8e-06,0.0008,0.0007,2e-05,1e-05,2e-05,20000,6.4,2e-06,5.3,41873.83145237767,17.151187145194704
8e-06,0.0008,0.0007,2e-05,1e-05,2e-05,20000,6.4,2e-06,5.3,41873.84755779954,16.871448793231902
8e-06,0.0008,0.0007,2e-05,1e-05,2e-05,20000,6.4,2e-06,5.3,41873.86489146398,16.587649811840958
8e-06,0.0008,0.0007,2e-05,1e-05,2e-05,20000,6.4,2e-06,5.3,41873.88355114039,16.29985850591431
8e-06,0.0008,0.0007,2e-05,1e-05,2e-05,20000,6.4,2e-06,5.3,41873.90364149461,16.00814414121927
8e-06,0.0008,0.0007,2e-05,1e-05,2e-05,20000,6.4,2e-06,5.3,41873.92527485995,15.712576927727019
8e-06,0.0008,0.0007,2e-05,1e-05,2e-05,20000,6.4,2e-06,5.3,41873.94857211761,15.413228002714519
8e-06,0.0008,0.0007,2e-05,1e-05,2e-05,20000,6.4,2e-06,5.3,41873.973663704586,15.110169413643055
8e-06,0.0008,0.0007,2e-05,1e-05,2e-05,20000,6.4,2e-06,5.3,41874.00069077061,14.80347410081789
8e-06,0.0008,0.0007,2e-05,1e-05,2e-05,20000,6.4,2e-06,5.3,41874.02980651027,14.493215879832967
8e-06,0.0008,0.0007,2e-05,1e-05,2e-05,20000,6.4,2e-06,5.3,41874.06117770116,14.179469423804811
8e-06,0.0008,0.0007,2e-05,1e-05,2e-05,20000,6.4,2e-06,5.3,41874.094986486256,13.862310245400334
8e-06,0.0008,0.0007,2e-05,1e-05,2e-05,20000,6.4,2e-06,5.3,41874.13143244595,13.541814678662247
8e-06,0.0008,0.0007,2e-05,1e-05,2e-05,20000,6.4,2e-06,5.3,41874.17073501601,13.218059860637036
8e-06,0.0008,0.0007,2e-05,1e-05,2e-05,20000,6.4,2e-06,5.3,41874.21313631988,12.891123712809561
8e-06,0.0008,0.0007,2e-05,1e-05,2e-05,20000,6.4,2e-06,5.3,41874.258904500115,12.56108492234887
8e-06,0.0008,0.0007,2e-05,1e-05,2e-05,20000,6.4,2e-06,5.3,41874.3083376541,12.228022923169664
8e-06,0.0008,0.0007,2e-05,1e-05,2e-05,20000,6.4,2e-06,5.3,41874.361768505,11.892017876814235
8e-06,0.0008,0.0007,2e-05,1e-05,2e-05,20000,6.4,2e-06,5.3,41874.41956997259,11.553150653159
8e-06,0.0008,0.0007,2e-05,1e-05,2e-05,20000,6.4,2e-06,5.3,41874.482161852466,11.211502810950785
8e-06,0.0008,0.0007,2e-05,1e-05,2e-05,20000,6.4,2e-06,5.3,41874.55001886832,10.867156578177172
8e-06,0.0008,0.0007,2e-05,1e-05,2e-05,20000,6.4,2e-06,5.3,41874.62368043823,10.520194832275886
8e-06,0.0008,0.0007,2e-05,1e-05,2e-05,20000,6.4,2e-06,5.3,41874.70376259429,10.170701080187744
8e-06,0.0008,0.0007,2e-05,1e-05,2e-05,20000,6.4,2e-06,5.3,41874.790972630486,9.818759438258153
8e-06,0.0008,0.0007,2e-05,1e-05,2e-05,20000,6.4,2e-06,5.3,41874.88612723485,9.464454611992004
8e-06,0.0008,0.0007,2e-05,1e-05,2e-05,20000,6.4,2e-06,5.3,41874.99017511153,9.107871875666712
8e-06,0.0008,0.0007,2e-05,1e-05,2e-05,20000,6.4,2e-06,5.3,41875.104225444586,8.74909705180822
8e-06,0.0008,0.0007,2e-05,1e-05,2e-05,20000,6.4,2e-06,5.3,41875.22958404151,8.388216490535395
8e-06,0.0008,0.0007,2e-05,1e-05,2e-05,20000,6.4,2e-06,5.3,41875.36779968592,8.025317048777017
8e-06,0.0008,0.0007,2e-05,1e-05,2e-05,20000,6.4,2e-06,5.3,41875.52072422878,7.660486069367199
8e-06,0.0008,0.0007,2e-05,1e-05,2e-05,20000,6.4,2e-06,5.3,41875.690591414124,7.293811360023544
8e-06,0.0008,0.0007,2e-05,1e-05,2e-05,20000,6.4,2e-06,5.3,41875.88012162481,6.925381172213598
8e-06,0.0008,0.0007,2e-05,1e-05,2e-05,20000,6.4,2e-06,5.3,41876.09266306766,6.555284179914362
8e-06,0.0008,0.0007,2e-05,1e-05,2e-05,20000,6.4,2e-06,5.3,41876.33238509492,6.1836094582703
8e-06,0.0008,0.0007,2e-05,1e-05,2e-05,20000,6.4,2e-06,5.3,41876.60454759481,5.810446462154601
8e-06,0.0008,0.0007,2e-05,1e-05,2e-05,20000,6.4,2e-06,5.3,41876.915883820446,5.435885004639169
8e-06,0.0008,0.0007,2e-05,1e-05,2e-05,20000,6.4,2e-06,5.3,41877.275156590134,5.060015235378329
8e-06,0.0008,0.0007,2e-05,1e-05,2e-05,20000,6.4,2e-06,5.3,41877.69398693472,4.682927618911635
8e-06,0.0008,0.0007,2e-05,1e-05,2e-05,20000,6.4,2e-06,5.4,41866.17902235481,4.385933911247164
8e-06,0.0008,0.0007,2e-05,1e-05,2e-05,20000,6.4,2e-06,5.4,41866.68669547941,4.771284743796758
8e-06,0.0008,0.0007,2e-05,1e-05,2e-05,20000,6.4,2e-06,5.4,41867.120195996504,5.1554872209515015
8e-06,0.0008,0.0007,2e-05,1e-05,2e-05,20000,6.4,2e-06,5.4,41867.49525143866,5.5384488726512044
8e-06,0.0008,0.0007,2e-05,1e-05,2e-05,20000,6.4,2e-06,5.4,41867.82346201528,5.920077527478254
8e-06,0.0008,0.0007,2e-05,1e-05,2e-05,20000,6.4,2e-06,5.4,41868.113570338865,6.300281334841422
8e-06,0.0008,0.0007,2e-05,1e-05,2e-05,20000,6.4,2e-06,5.4,41868.372289531166,6.6789687870825425
8e-06,0.0008,0.0007,2e-05,1e-05,2e-05,20000,6.4,2e-06,5.4,41868.60485909081,7.056048741500624
8e-06,0.0008,0.0007,2e-05,1e-05,2e-05,20000,6.4,2e-06,5.4,41868.81542751403,7.431430442288132
8e-06,0.0008,0.0007,2e-05,1e-05,2e-05,20000,6.4,2e-06,5.4,41869.00732155404,7.8050235423741245
8e-06,0.0008,0.0007,2e-05,1e-05,2e-05,20000,6.4,2e-06,5.4,41869.18323946038,8.176738125169011
8e-06,0.0008,0.0007,2e-05,1e-05,2e-05,20000,6.4,2e-06,5.4,41869.34539211403,8.546484726205852
8e-06,0.0008,0.0007,2e-05,1e-05,2e-05,20000,6.4,2e-06,5.4,41869.49560774494,8.914174354672518
8e-06,0.0008,0.0007,2e-05,1e-05,2e-05,20000,6.4,2e-06,5.4,41869.635410744166,9.27971851483021
8e-06,0.0008,0.0007,2e-05,1e-05,2e-05,20000,6.4,2e-06,5.4,41869.76608175224,9.643029227312608
8e-06,0.0008,0.0007,2e-05,1e-05,2e-05,20000,6.4,2e-06,5.4,41869.88870401666,10.004019050300732
8e-06,0.0008,0.0007,2e-05,1e-05,2e-05,20000,6.4,2e-06,5.4,41870.004199545605,10.362601100568625
8e-06,0.0008,0.0007,2e-05,1e-05,2e-05,20000,6.4,2e-06,5.4,41870.11335758646,10.71868907439428
8e-06,0.0008,0.0007,2e-05,1e-05,2e-05,20000,6.4,2e-06,5.4,41870.21685726585,11.072197268331454
8e-06,0.0008,0.0007,2e-05,1e-05,2e-05,20000,6.4,2e-06,5.4,41870.31528574221,11.423040599836638
8e-06,0.0008,0.0007,2e-05,1e-05,2e-05,20000,6.4,2e-06,5.4,41870.40915287647,11.771134627746893
8e-06,0.0008,0.0007,2e-05,1e-05,2e-05,20000,6.4,2e-06,5.4,41870.49890317611,12.116395572603166
8e-06,0.0008,0.0007,2e-05,1e-05,2e-05,20000,6.4,2e-06,5.4,41870.58492558719,12.458740336814362
8e-06,0.0008,0.0007,2e-05,1e-05,2e-05,20000,6.4,2e-06,5.4,41870.66756157397,12.79808652465732
8e-06,0.0008,0.0007,2e-05,1e-05,2e-05,20000,6.4,2e-06,5.4,41870.74711182614,13.134352462107852
8e-06,0.0008,0.0007,2e-05,1e-05,2e-05,20000,6.4,2e-06,5.4,41870.82384185898,13.467457216498095
8e-06,0.0008,0.0007,2e-05,1e-05,2e-05,20000,6.4,2e-06,5.4,41870.8979867143,13.797320615995481
8e-06,0.0008,0.0007,2e-05,1e-05,2e-05,20000,6.4,2e-06,5.4,41870.969754926766,14.123863268898448
8e-06,0.0008,0.0007,2e-05,1e-05,2e-05,20000,6.4,2e-06,5.4,41871.0393318869,14.44700658274453
8e-06,0.0008,0.0007,2e-05,1e-05,2e-05,20000,6.4,2e-06,5.4,41871.10688270535,14.766672783226038
8e-06,0.0008,0.0007,2e-05,1e-05,2e-05,20000,6.4,2e-06,5.4,41871.17255466338,15.082784932908798
8e-06,0.0008,0.0007,2e-05,1e-05,2e-05,20000,6.4,2e-06,5.4,41871.23647931796,15.39526694974951
8e-06,0.0008,0.0007,2e-05,1e-05,2e-05,20000,6.4,2e-06,5.4,41871.29877431755,15.704043625407225
8e-06,0.0008,0.0007,2e-05,1e-05,2e-05,20000,6.4,2e-06,5.4,41871.35954497416,16.009040643344505
8e-06,0.0008,0.0007,2e-05,1e-05,2e-05,20000,6.4,2e-06,5.4,41871.41888562964,16.31018459671397
8e-06,0.0008,0.0007,2e-05,1e-05,2e-05,20000,6.4,2e-06,5.4,41871.47688084699,16.60740300602589
8e-06,0.0008,0.0007,2e-05,1e-05,2e-05,20000,6.4,2e-06,5.4,41871.53360645317,16.90062433659266
8e-06,0.0008,0.0007,2e-05,1e-05,2e-05,20000,6.4,2e-06,5.4,41871.58913045433,17.1897780157457
8e-06,0.0008,0.0007,2e-05,1e-05,2e-05,20000,6.4,2e-06,5.4,41871.64351384203,17.474794449821005
8e-06,0.0008,0.0007,2e-05,1e-05,2e-05,20000,6.4,2e-06,5.4,41871.69681130546,17.75560504090891
8e-06,0.0008,0.0007,2e-05,1e-05,2e-05,20000,6.4,2e-06,5.4,41871.749071862665,18.032142203364398
8e-06,0.0008,0.0007,2e-05,1e-05,2e-05,20000,6.4,2e-06,5.4,41871.80033942118,18.304339380073454
8e-06,0.0008,0.0007,2e-05,1e-05,2e-05,20000,6.4,2e-06,5.4,41871.85065327795,18.57213105847231
8e-06,0.0008,0.0007,2e-05,1e-05,2e-05,20000,6.4,2e-06,5.4,41871.9000485659,18.83545278631479
8e-06,0.0008,0.0007,2e-05,1e-05,2e-05,20000,6.4,2e-06,5.4,41871.94855665411,19.094241187185034
8e-06,0.0008,0.0007,2e-05,1e-05,2e-05,20000,6.4,2e-06,5.4,41871.996205507196,19.34843397575043
8e-06,0.0008,0.0007,2e-05,1e-05,2e-05,20000,6.4,2e-06,5.4,41872.043020009114,19.597969972753123
8e-06,0.0008,0.0007,2e-05,1e-05,2e-05,20000,6.4,2e-06,5.4,41872.08902225536,19.842789119734206
8e-06,0.0008,0.0007,2e-05,1e-05,2e-05,20000,6.4,2e-06,5.4,41872.13423181754,20.082832493489228
8e-06,0.0008,0.0007,2e-05,1e-05,2e-05,20000,6.4,2e-06,5.4,41872.17866598322,20.318042320248537
8e-06,0.0008,0.0007,2e-05,1e-05,2e-05,20000,6.4,2e-06,5.4,41872.22233997417,20.548361989583967
8e-06,0.0008,0.0007,2e-05,1e-05,2e-05,20000,6.4,2e-06,5.4,41872.265267145085,20.7737360680329
8e-06,0.0008,0.0007,2e-05,1e-05,2e-05,20000,6.4,2e-06,5.4,41872.30745916523,20.994110312440025
8e-06,0.0008,0.0007,2e-05,1e-05,2e-05,20000,6.4,2e-06,5.4,41872.348926184524,21.209431683012845
8e-06,0.0008,0.0007,2e-05,1e-05,2e-05,20000,6.4,2e-06,5.4,41872.38967698605,21.419648356087595
8e-06,0.0008,0.0007,2e-05,1e-05,2e-05,20000,6.4,2e-06,5.4,41872.429719126005,21.624709736601265
8e-06,0.0008,0.0007,2e-05,1e-05,2e-05,20000,6.4,2e-06,5.4,41872.46905906275,21.824566470270106
8e-06,0.0008,0.0007,2e-05,1e-05,2e-05,20000,6.4,2e-06,5.4,41872.50770227575,22.019170455466952
8e-06,0.0008,0.0007,2e-05,1e-05,2e-05,20000,6.4,2e-06,5.4,41872.54565337558,22.208474854799604
8e-06,0.0008,0.0007,2e-05,1e-05,2e-05,20000,6.4,2e-06,5.4,41872.5829162058,22.392434106382694
8e-06,0.0008,0.0007,2e-05,1e-05,2e-05,20000,6.4,2e-06,5.4,41872.61949393733,22.5710039348037
8e-06,0.0008,0.0007,2e-05,1e-05,2e-05,20000,6.4,2e-06,5.4,41872.655389156316,22.74414136178003
8e-06,0.0008,0.0007,2e-05,1e-05,2e-05,20000,6.4,2e-06,5.4,41872.69060394574,22.911804716501837
8e-06,0.0008,0.0007,2e-05,1e-05,2e-05,20000,6.4,2e-06,5.4,41872.72513996161,23.07395364566239
8e-06,0.0008,0.0007,2e-05,1e-05,2e-05,20000,6.4,2e-06,5.4,41872.75899850395,23.23054912316929
8e-06,0.0008,0.0007,2e-05,1e-05,2e-05,20000,6.4,2e-06,5.4,41872.79218058335,23.38155345953842
8e-06,0.0008,0.0007,2e-05,1e-05,2e-05,20000,6.4,2e-06,5.4,41872.824686982996,23.526930310964318
8e-06,0.0008,0.0007,2e-05,1e-05,2e-05,20000,6.4,2e-06,5.4,41872.85651831708,23.6666446880678
8e-06,0.0008,0.0007,2e-05,1e-05,2e-05,20000,6.4,2e-06,5.4,41872.88767508542,23.800662964316725
8e-06,0.0008,0.0007,2e-05,1e-05,2e-05,20000,6.4,2e-06,5.4,41872.91815772485,23.928952884120058
8e-06,0.0008,0.0007,2e-05,1e-05,2e-05,20000,6.4,2e-06,5.4,41872.94796665755,24.051483570590484
8e-06,0.0008,0.0007,2e-05,1e-05,2e-05,20000,6.4,2e-06,5.4,41872.97710233648,24.16822553297578
8e-06,0.0008,0.0007,2e-05,1e-05,2e-05,20000,6.4,2e-06,5.4,41873.00556528831,24.279150673757524
8e-06,0.0008,0.0007,2e-05,1e-05,2e-05,20000,6.4,2e-06,5.4,41873.03335615383,24.384232295412676
8e-06,0.0008,0.0007,2e-05,1e-05,2e-05,20000,6.4,2e-06,5.4,41873.06047572602,24.483445106839618
8e-06,0.0008,0.0007,2e-05,1e-05,2e-05,20000,6.4,2e-06,5.4,41873.08692498627,24.57676522944523
8e-06,0.0008,0.0007,2e-05,1e-05,2e-05,20000,6.4,2e-06,5.4,41873.112705138316,24.66417020289198
8e-06,0.0008,0.0007,2e-05,1e-05,2e-05,20000,6.4,2e-06,5.4,41873.137817640556,24.745638990503352
8e-06,0.0008,0.0007,2e-05,1e-05,2e-05,20000,6.4,2e-06,5.4,41873.16226423657,24.821151984327674
8e-06,0.0008,0.0007,2e-05,1e-05,2e-05,20000,6.4,2e-06,5.4,41873.18604698402,24.890691009856454
8e-06,0.0008,0.0007,2e-05,1e-05,2e-05,20000,6.4,2e-06,5.4,41873.20916828216,24.95423933039955
8e-06,0.0008,0.0007,2e-05,1e-05,2e-05,20000,6.4,2e-06,5.4,41873.2316308977,25.0117816511127
8e-06,0.0008,0.0007,2e-05,1e-05,2e-05,20000,6.4,2e-06,5.4,41873.25343798965,25.0633041226791
8e-06,0.0008,0.0007,2e-05,1e-05,2e-05,20000,6.4,2e-06,5.4,41873.2745931327,25.108794344642373
8e-06,0.0008,0.0007,2e-05,1e-05,2e-05,20000,6.4,2e-06,5.4,41873.2951003395,25.14824136839131
8e-06,0.0008,0.0007,2e-05,1e-05,2e-05,20000,6.4,2e-06,5.4,41873.314964081954,25.181635699794768
8e-06,0.0008,0.0007,2e-05,1e-05,2e-05,20000,6.4,2e-06,5.4,41873.334189311405,25.20896930148705
8e-06,0.0008,0.0007,2e-05,1e-05,2e-05,20000,6.4,2e-06,5.4,41873.352781477864,25.230235594802082
8e-06,0.0008,0.0007,2e-05,1e-05,2e-05,20000,6.4,2e-06,5.4,41873.370746548455,25.24542946135688
8e-06,0.0008,0.0007,2e-05,1e-05,2e-05,20000,6.4,2e-06,5.4,41873.38809102496,25.254547244283355
8e-06,0.0008,0.0007,2e-05,1e-05,2e-05,20000,6.4,2e-06,5.4,41873.40482196067,25.257586749108864
8e-06,0.0008,0.0007,2e-05,1e-05,2e-05,20000,6.4,2e-06,5.4,41873.420946976534,25.254547244283355
8e-06,0.0008,0.0007,2e-05,1e-05,2e-05,20000,6.4,2e-06,5.4,41873.4364742767,25.24542946135687
8e-06,0.0008,0.0007,2e-05,1e-05,2e-05,20000,6.4,2e-06,5.4,41873.451412663475,25.230235594802082
8e-06,0.0008,0.0007,2e-05,1e-05,2e-05,20000,6.4,2e-06,5.4,41873.465771551724,25.20896930148704
8e-06,0.0008,0.0007,2e-05,1e-05,2e-05,20000,6.4,2e-06,5.4,41873.47956098305,25.18163569979476
8e-06,0.0008,0.0007,2e-05,1e-05,2e-05,20000,6.4,2e-06,5.4,41873.4927916393,25.148241368391304
8e-06,0.0008,0.0007,2e-05,1e-05,2e-05,20000,6.4,2e-06,5.4,41873.50547485602,25.108794344642362
8e-06,0.0008,0.0007,2e-05,1e-05,2e-05,20000,6.4,2e-06,5.4,41873.517622635605,25.063304122679106
8e-06,0.0008,0.0007,2e-05,1e-05,2e-05,20000,6.4,2e-06,5.4,41873.52924766014,25.01178165111271
8e-06,0.0008,0.0007,2e-05,1e-05,2e-05,20000,6.4,2e-06,5.4,41873.540363304426,24.954239330399545
8e-06,0.0008,0.0007,2e-05,1e-05,2e-05,20000,6.4,2e-06,5.4,41873.550983648805,24.89069100985646
8e-06,0.0008,0.0007,2e-05,1e-05,2e-05,20000,6.4,2e-06,5.4,41873.56112349211,24.821151984327667
8e-06,0.0008,0.0007,2e-05,1e-05,2e-05,20000,6.4,2e-06,5.4,41873.570798364744,24.745638990503355
8e-06,0.0008,0.0007,2e-05,1e-05,2e-05,20000,6.4,2e-06,5.4,41873.580024542156,24.664170202891988
8e-06,0.0008,0.0007,2e-05,1e-05,2e-05,20000,6.4,2e-06,5.4,41873.588819058525,24.57676522944523
8e-06,0.0008,0.0007,2e-05,1e-05,2e-05,20000,6.4,2e-06,5.4,41873.59719972101,24.483445106839618
8e-06,0.0008,0.0007,2e-05,1e-05,2e-05,20000,6.4,2e-06,5.4,41873.60518512453,24.384232295412673
8e-06,0.0008,0.0007,2e-05,1e-05,2e-05,20000,6.4,2e-06,5.4,41873.61279466731,24.279150673757517
8e-06,0.0008,0.0007,2e-05,1e-05,2e-05,20000,6.4,2e-06,5.4,41873.620048567274,24.16822553297578
8e-06,0.0008,0.0007,2e-05,1e-05,2e-05,20000,6.4,2e-06,5.4,41873.62696787933,24.051483570590488
8e-06,0.0008,0.0007,2e-05,1e-05,2e-05,20000,6.4,2e-06,5.4,41873.633574513966,23.928952884120058
8e-06,0.0008,0.0007,2e-05,1e-05,2e-05,20000,6.4,2e-06,5.4,41873.63989125713,23.80066296431672
8e-06,0.0008,0.0007,2e-05,1e-05,2e-05,20000,6.4,2e-06,5.4,41873.64594179157,23.666644688067805
8e-06,0.0008,0.0007,2e-05,1e-05,2e-05,20000,6.4,2e-06,5.4,41873.65175071991,23.526930310964318
8e-06,0.0008,0.0007,2e-05,1e-05,2e-05,20000,6.4,2e-06,5.4,41873.65734358982,23.381553459538424
8e-06,0.0008,0.0007,2e-05,1e-05,2e-05,20000,6.4,2e-06,5.4,41873.66274692123,23.2305491231693
8e-06,0.0008,0.0007,2e-05,1e-05,2e-05,20000,6.4,2e-06,5.4,41873.6679882361,23.07395364566239
8e-06,0.0008,0.0007,2e-05,1e-05,2e-05,20000,6.4,2e-06,5.4,41873.67309609106,22.911804716502036
8e-06,0.0008,0.0007,2e-05,1e-05,2e-05,20000,6.4,2e-06,5.4,41873.678100112935,22.74414136178003
8e-06,0.0008,0.0007,2e-05,1e-05,2e-05,20000,6.4,2e-06,5.4,41873.68303103813,22.571003934803695
8e-06,0.0008,0.0007,2e-05,1e-05,2e-05,20000,6.4,2e-06,5.4,41873.68792075556,22.39243410638269
8e-06,0.0008,0.0007,2e-05,1e-05,2e-05,20000,6.4,2e-06,5.4,41873.69280235423,22.208474854799604
8e-06,0.0008,0.0007,2e-05,1e-05,2e-05,20000,6.4,2e-06,5.4,41873.697710175504,22.01917045546695
8e-06,0.0008,0.0007,2e-05,1e-05,2e-05,20000,6.4,2e-06,5.4,41873.70267987092,21.824566470270106
8e-06,0.0008,0.0007,2e-05,1e-05,2e-05,20000,6.4,2e-06,5.4,41873.707748466084,21.62470973660127
8e-06,0.0008,0.0007,2e-05,1e-05,2e-05,20000,6.4,2e-06,5.4,41873.71295443129,21.419648356087595
8e-06,0.0008,0.0007,2e-05,1e-05,2e-05,20000,6.4,2e-06,5.4,41873.718337759834,21.209431683012856
8e-06,0.0008,0.0007,2e-05,1e-05,2e-05,20000,6.4,2e-06,5.4,41873.72394005465,20.99411031244002
8e-06,0.0008,0.0007,2e-05,1e-05,2e-05,20000,6.4,2e-06,5.4,41873.72980462466,20.773736068032896
8e-06,0.0008,0.0007,2e-05,1e-05,2e-05,20000,6.4,2e-06,5.4,41873.73597659154,20.548361989583963
8e-06,0.0008,0.0007,2e-05,1e-05,2e-05,20000,6.4,2e-06,5.4,41873.74250300853,20.318042320248537
8e-06,0.0008,0.0007,2e-05,1e-05,2e-05,20000,6.4,2e-06,5.4,41873.749432992554,20.08283249348923
8e-06,0.0008,0.0007,2e-05,1e-05,2e-05,20000,6.4,2e-06,5.4,41873.75681787142,19.842789119734206
8e-06,0.0008,0.0007,2e-05,1e-05,2e-05,20000,6.4,2e-06,5.4,41873.76471134793,19.59796997275312
8e-06,0.0008,0.0007,2e-05,1e-05,2e-05,20000,6.4,2e-06,5.4,41873.77316968298,19.348433975750428
8e-06,0.0008,0.0007,2e-05,1e-05,2e-05,20000,6.4,2e-06,5.4,41873.78225190022,19.094241187185034
8e-06,0.0008,0.0007,2e-05,1e-05,2e-05,20000,6.4,2e-06,5.4,41873.792020015106,18.835452786314804
8e-06,0.0008,0.0007,2e-05,1e-05,2e-05,20000,6.4,2e-06,5.4,41873.80253929141,18.572131058472305
8e-06,0.0008,0.0007,2e-05,1e-05,2e-05,20000,6.4,2e-06,5.4,41873.81387852919,18.304339380073465
8e-06,0.0008,0.0007,2e-05,1e-05,2e-05,20000,6.4,2e-06,5.4,41873.82611038822,18.0321422033644
8e-06,0.0008,0.0007,2e-05,1e-05,2e-05,20000,6.4,2e-06,5.4,41873.839311752025,17.755605040908936
8e-06,0.0008,0.0007,2e-05,1e-05,2e-05,20000,6.4,2e-06,5.4,41873.85356413858,17.474794449821
8e-06,0.0008,0.0007,2e-05,1e-05,2e-05,20000,6.4,2e-06,5.4,41873.86895416384,17.189778015745723
8e-06,0.0008,0.0007,2e-05,1e-05,2e-05,20000,6.4,2e-06,5.4,41873.88557406648,16.90062433659266
8e-06,0.0008,0.0007,2e-05,1e-05,2e-05,20000,6.4,2e-06,5.4,41873.903522303124,16.607403006025915
8e-06,0.0008,0.0007,2e-05,1e-05,2e-05,20000,6.4,2e-06,5.4,41873.92290422447,16.310184596713963
8e-06,0.0008,0.0007,2e-05,1e-05,2e-05,20000,6.4,2e-06,5.4,41873.943832845885,16.009040643344534
8e-06,0.0008,0.0007,2e-05,1e-05,2e-05,20000,6.4,2e-06,5.4,41873.96642972703,15.704043625407245
8e-06,0.0008,0.0007,2e-05,1e-05,2e-05,20000,6.4,2e-06,5.4,41873.99082597919,15.395266949749523
8e-06,0.0008,0.0007,2e-05,1e-05,2e-05,20000,6.4,2e-06,5.4,41874.01716342159,15.08278493290881
8e-06,0.0008,0.0007,2e-05,1e-05,2e-05,20000,6.4,2e-06,5.4,41874.04559591272,14.766672783226035
8e-06,0.0008,0.0007,2e-05,1e-05,2e-05,20000,6.4,2e-06,5.4,41874.07629088803,14.44700658274453
8e-06,0.0008,0.0007,2e-05,1e-05,2e-05,20000,6.4,2e-06,5.4,41874.10943114154,14.123863268898448
8e-06,0.0008,0.0007,2e-05,1e-05,2e-05,20000,6.4,2e-06,5.4,41874.14521689735,13.7973206159955
8e-06,0.0008,0.0007,2e-05,1e-05,2e-05,20000,6.4,2e-06,5.4,41874.183868226835,13.467457216498092
8e-06,0.0008,0.0007,2e-05,1e-05,2e-05,20000,6.4,2e-06,5.4,41874.22562788053,13.134352462107852
8e-06,0.0008,0.0007,2e-05,1e-05,2e-05,20000,6.4,2e-06,5.4,41874.2707646188,12.798086524657338
8e-06,0.0008,0.0007,2e-05,1e-05,2e-05,20000,6.4,2e-06,5.4,41874.319577147005,12.458740336814381
8e-06,0.0008,0.0007,2e-05,1e-05,2e-05,20000,6.4,2e-06,5.4,41874.37239878592,12.116395572603187
8e-06,0.0008,0.0007,2e-05,1e-05,2e-05,20000,6.4,2e-06,5.4,41874.42960304189,11.771134627746907
8e-06,0.0008,0.0007,2e-05,1e-05,2e-05,20000,6.4,2e-06,5.4,41874.49161028557,11.423040599836638
8e-06,0.0008,0.0007,2e-05,1e-05,2e-05,20000,6.4,2e-06,5.4,41874.558895803646,11.072197268331465
8e-06,0.0008,0.0007,2e-05,1e-05,2e-05,20000,6.4,2e-06,5.4,41874.63199956449,10.718689074394302
8e-06,0.0008,0.0007,2e-05,1e-05,2e-05,20000,6.4,2e-06,5.4,41874.71153813727,10.362601100568643
8e-06,0.0008,0.0007,2e-05,1e-05,2e-05,20000,6.4,2e-06,5.4,41874.79821933949,10.004019050300752
8e-06,0.0008,0.0007,2e-05,1e-05,2e-05,20000,6.4,2e-06,5.4,41874.89286036839,9.64302922731261
8e-06,0.0008,0.0007,2e-05,1e-05,2e-05,20000,6.4,2e-06,5.4,41874.99641042265,9.279718514830227
8e-06,0.0008,0.0007,2e-05,1e-05,2e-05,20000,6.4,2e-06,5.4,41875.10997916576,8.914174354672536
8e-06,0.0008,0.0007,2e-05,1e-05,2e-05,20000,6.4,2e-06,5.4,41875.23487286893,8.54648472620587
8e-06,0.0008,0.0007,2e-05,1e-05,2e-05,20000,6.4,2e-06,5.4,41875.37264076349,8.176738125169031
8e-06,0.0008,0.0007,2e-05,1e-05,2e-05,20000,6.4,2e-06,5.4,41875.52513513162,7.8050235423741245
8e-06,0.0008,0.0007,2e-05,1e-05,2e-05,20000,6.4,2e-06,5.4,41875.694590131534,7.431430442288135
8e-06,0.0008,0.0007,2e-05,1e-05,2e-05,20000,6.4,2e-06,5.4,41875.883726543085,7.0560487415006445
8e-06,0.0008,0.0007,2e-05,1e-05,2e-05,20000,6.4,2e-06,5.4,41876.095892952326,6.67896878708256
8e-06,0.0008,0.0007,2e-05,1e-05,2e-05,20000,6.4,2e-06,5.4,41876.33525907265,6.300281334841421
8e-06,0.0008,0.0007,2e-05,1e-05,2e-05,20000,6.4,2e-06,5.4,41876.60708513506,5.9200775274782735
8e-06,0.0008,0.0007,2e-05,1e-05,2e-05,20000,6.4,2e-06,5.4,41876.91810471665,5.538448872651222
8e-06,0.0008,0.0007,2e-05,1e-05,2e-05,20000,6.4,2e-06,5.4,41877.27708094067,5.155487220951502
8e-06,0.0008,0.0007,2e-05,1e-05,2e-05,20000,6.4,2e-06,5.4,41877.69563512358,4.771284743796755
