idx,wt_true_um,lt_true_um,wt_pred_um__wtlt_big_pinn,lt_pred_um__wtlt_big_pinn,wt_abs_err_um__wtlt_big_pinn,lt_abs_err_um__wtlt_big_pinn,wt_pct_err__wtlt_big_pinn,lt_pct_err__wtlt_big_pinn,wt_pred_um__wtlt_big_data,lt_pred_um__wtlt_big_data,wt_abs_err_um__wtlt_big_data,lt_abs_err_um__wtlt_big_data,wt_pct_err__wtlt_big_data,lt_pct_err__wtlt_big_data,wt_pred_um__wtlt_small_pinn,lt_pred_um__wtlt_small_pinn,wt_abs_err_um__wtlt_small_pinn,lt_abs_err_um__wtlt_small_pinn,wt_pct_err__wtlt_small_pinn,lt_pct_err__wtlt_small_pinn,wt_pred_um__wtlt_small_data,lt_pred_um__wtlt_small_data,wt_abs_err_um__wtlt_small_data,lt_abs_err_um__wtlt_small_data,wt_pct_err__wtlt_small_data,lt_pct_err__wtlt_small_data
0,5.0000005,100.0,5.1739807,136.01434,0.17398024,36.014343,3.4796045,36.014343,5.021288,110.13586,0.021287441,10.135857,0.4257488,10.135857,12.707205,228.95279,7.7072043,128.95279,154.14407,128.95279,12.6793,232.65675,7.6793,132.65675,153.58598,132.65675
1,5.0000005,150.0,5.029658,121.12569,0.029657364,28.874313,0.5931472,19.249542,5.0222254,113.777626,0.022224903,36.222374,0.444498,24.14825,13.809498,375.69775,8.809498,225.69775,176.18994,150.46516,13.771391,375.8645,8.771391,225.8645,175.42781,150.57632
2,5.0000005,200.0,5.0569253,128.36424,0.05692482,71.63576,1.1384963,35.81788,5.0343637,122.59833,0.03436327,77.40167,0.68726534,38.700836,14.263447,552.98,9.263447,352.97998,185.26892,176.48999,14.24977,548.56964,9.249769,348.56964,184.99536,174.28482
3,5.0000005,250.00002,6.777252,339.2774,1.7772517,89.27739,35.54503,35.710953,6.7820907,340.27887,1.7820902,90.278854,35.6418,36.111538,13.845909,664.9487,8.845909,414.94873,176.91817,165.97948,13.842102,664.39905,8.842102,414.39905,176.84203,165.75961
4,5.0000005,300.0,8.7267,504.13272,3.7266994,204.13272,74.53398,68.04424,8.662236,490.55524,3.6622357,190.55524,73.244705,63.51841,12.699161,719.49286,7.69916,419.49286,153.98318,139.83096,12.662824,721.3546,7.662823,421.3546,153.25645,140.45154
5,5.0000005,350.00003,8.524661,568.4384,3.5246606,218.43839,70.4932,62.41096,8.481794,552.43677,3.4817939,202.43674,69.635864,57.839058,10.944998,740.7452,5.9449973,390.74515,118.89993,111.641464,10.895349,742.79193,5.895348,392.7919,117.90695,112.22625
6,5.0000005,400.0,7.6622553,585.775,2.6622548,185.77502,53.24509,46.443756,7.606793,577.59985,2.6067924,177.59985,52.13584,44.399963,9.072439,744.31793,4.0724387,344.31793,81.44876,86.07948,9.063254,745.6018,4.063254,345.6018,81.26507,86.40045
7,5.0000005,450.0,6.59585,561.2425,1.5958495,111.24249,31.916988,24.720554,6.658773,558.38885,1.6587725,108.388855,33.17545,24.086412,7.7009883,745.54114,2.7009878,295.54114,54.01975,65.675804,7.7298617,745.05084,2.7298613,295.05084,54.59722,65.56686
8,5.0000005,500.00003,5.59895,488.44522,0.59894943,11.55481,11.978988,2.310962,5.712491,492.69363,0.71249056,7.3063965,14.249809,1.4612792,6.9327283,756.7984,1.9327278,256.79837,38.654552,51.359673,6.9683504,753.2885,1.9683499,253.28848,39.366997,50.657696
9,5.0000005,550.0,5.2011447,394.50992,0.20114422,155.49008,4.022884,28.270924,5.2859406,407.8747,0.28594017,142.1253,5.718803,25.840965,6.546095,780.2554,1.5460944,230.25537,30.921885,41.864613,6.5717,774.6019,1.5716996,224.60193,31.43399,40.836716
10,5.0000005,600.0,5.0925264,322.2782,0.09252596,277.7218,1.850519,46.28697,5.1502213,337.95685,0.15022087,262.04315,3.0044172,43.67386,6.355553,810.12787,1.3555527,210.12787,27.11105,35.021313,6.365839,805.1985,1.3658385,205.19849,27.316767,34.19975
11,5.0000005,650.0,5.0591464,285.13983,0.059145927,364.86017,1.1829184,56.132336,5.088589,290.83087,0.088588715,359.16913,1.7717742,55.25679,6.263284,839.3442,1.2632837,189.34418,25.265673,29.129875,6.257437,837.32416,1.2574368,187.32416,25.148731,28.819101
12,5.0000005,700.00006,5.047319,269.15884,0.04731846,430.84122,0.9463691,61.54874,5.0606284,260.04797,0.060627937,439.9521,1.2125586,62.850292,6.221259,863.5416,1.2212586,163.54156,24.425169,23.36308,6.200359,864.8702,1.2003584,164.87012,24.007166,23.552872
13,5.0000005,750.0,5.044667,267.62732,0.04466629,482.37268,0.89332575,64.31635,5.0464725,238.55046,0.046472073,511.44952,0.9294414,68.19327,6.2046328,881.6161,1.2046323,131.61609,24.092644,17.548811,6.1704383,885.73816,1.1704378,135.73816,23.408754,18.098421
14,5.0000005,800.0,5.044867,279.57687,0.044866562,520.4231,0.8973312,65.05289,5.0383525,222.27412,0.038352013,577.7259,0.76704013,72.21574,6.199947,894.3771,1.1999464,94.377075,23.998924,11.797134,6.1542354,900.5135,1.1542349,100.51349,23.084696,12.564187
15,5.0000005,849.99994,5.0422306,306.99243,0.04223013,543.0075,0.84460247,63.88324,5.0341043,211.70386,0.03410387,638.2961,0.68207735,75.093666,6.200046,903.16394,1.2000456,53.164,24.00091,6.2545886,6.1446257,910.6222,1.1446252,60.622253,22.892502,7.1320305
16,5.0000005,900.0,5.0502768,373.27292,0.05027628,526.72705,1.0055255,58.52523,5.030717,205.5519,0.03071642,694.4481,0.6143283,77.160904,6.2013965,909.1614,1.201396,9.161377,24.027916,1.0179307,6.138352,917.4268,1.1383514,17.426819,22.767027,1.9363132
17,5.0000005,950.0,5.067182,471.1423,0.06718159,478.8577,1.3436316,50.406075,5.0259185,204.42459,0.025918007,745.57544,0.5183601,78.48163,6.202463,913.23627,1.2024627,36.763733,24.049252,3.8698666,6.1341124,921.98895,1.1341119,28.011047,22.682236,2.9485314
18,5.0000005,1000.00006,5.0793324,562.5575,0.079331875,437.44257,1.5866373,43.744255,5.0218678,211.11029,0.021867275,788.8898,0.43734545,78.88897,6.202766,915.9819,1.2027655,84.01819,24.055307,8.401818,6.1313276,925.06964,1.1313272,74.93042,22.626541,7.4930415
19,6.0,100.0,8.116937,184.4263,2.1169367,84.4263,35.28228,84.4263,5.0903325,118.25711,0.9096675,18.25711,15.161125,18.25711,12.582502,200.05745,6.5825024,100.05745,109.70837,100.05745,12.534873,200.06473,6.534873,100.06473,108.91455,100.06473
20,6.0,150.0,5.049772,124.53522,0.9502282,25.464783,15.837137,16.976522,5.030293,112.69292,0.969707,37.307083,16.161783,24.871387,13.261741,291.95047,7.2617407,141.95047,121.02901,94.633644,13.234069,296.43423,7.234069,146.43423,120.56781,97.622826
21,6.0,200.0,5.0297537,120.69713,0.9702463,79.30287,16.17077,39.651436,5.018763,113.81207,0.98123693,86.18793,16.353949,43.093964,14.081759,440.47955,8.081759,240.47955,134.696,120.239784,14.046443,437.51248,8.046443,237.51248,134.10739,118.75625
22,6.0,250.00002,5.100158,141.32463,0.8998418,108.675385,14.997363,43.47015,5.0715513,137.60774,0.9284487,112.39227,15.474145,44.95691,14.258678,579.23505,8.258678,329.23505,137.64464,131.694,14.25139,575.31335,8.25139,325.31335,137.52318,130.12534
23,6.0,300.0,7.4849744,376.94028,1.4849744,76.94028,24.749573,25.646759,7.553971,378.2446,1.5539708,78.2446,25.899515,26.081532,13.854607,667.0449,7.8546066,367.04492,130.91011,122.34831,13.852024,666.58484,7.852024,366.58484,130.86707,122.19495
24,6.0,350.00003,9.266705,521.52625,3.2667046,171.52621,54.445076,49.007484,9.197607,508.96243,3.197607,158.9624,53.29345,45.417824,12.946703,714.94855,6.946703,364.94852,115.77839,104.270996,12.917687,716.66986,6.9176874,366.66983,115.29479,104.7628
25,6.0,400.0,9.417141,597.23236,3.417141,197.23236,56.95235,49.30809,9.270225,574.3837,3.2702246,174.38373,54.503746,43.595932,11.585089,737.7906,5.5850887,337.7906,93.08481,84.44765,11.534746,739.9808,5.534746,339.98077,92.24577,84.99519
26,6.0,450.0,8.894113,633.35626,2.8941126,183.35626,48.23521,40.74584,8.829156,619.435,2.829156,169.435,47.1526,37.65222,9.984934,745.06586,3.9849339,295.06586,66.415565,65.57019,9.952895,746.8471,3.9528952,296.8471,65.881584,65.96602
27,6.0,500.00003,8.038188,636.3455,2.038188,136.34549,33.9698,27.269094,7.99112,629.21783,1.9911199,129.2178,33.18533,25.843561,8.547482,745.2648,2.5474815,245.26474,42.458023,49.052944,8.556188,746.15265,2.5561876,246.15262,42.603127,49.230522
28,6.0,550.0,7.149165,619.07623,1.1491652,69.07623,19.152754,12.559316,7.219619,617.41864,1.2196188,67.41864,20.326979,12.257935,7.5394087,747.3544,1.5394087,197.35437,25.65681,35.882614,7.5731144,746.4632,1.5731144,196.4632,26.218573,35.72058
29,6.0,600.0,6.1007485,570.02313,0.10074854,29.976868,1.6791424,4.996145,6.248085,573.50104,0.24808502,26.498962,4.1347504,4.416494,6.9348855,757.4231,0.9348855,157.4231,15.581425,26.237185,6.971935,753.9589,0.9719348,153.95892,16.198914,25.65982
30,6.0,650.0,5.4499516,499.12308,0.55004835,150.87692,9.167472,23.211834,5.5592074,506.22977,0.44079256,143.77023,7.346543,22.118496,6.5945387,776.13763,0.5945387,126.137634,9.9089775,19.40579,6.6234612,770.70355,0.62346125,120.70355,10.391021,18.569778
31,6.0,700.00006,5.1961904,417.50046,0.80380964,282.4996,13.396828,40.357082,5.2826843,431.25998,0.7173157,268.74008,11.955261,38.391438,6.405623,800.226,0.40562296,100.22595,6.7603827,14.317992,6.4220676,794.7572,0.42206764,94.75714,7.0344605,13.536734
32,6.0,750.0,5.107857,356.29987,0.8921428,393.70013,14.869046,52.49335,5.161297,368.48853,0.83870316,381.51147,13.978386,50.868195,6.301554,825.3712,0.3015542,75.371216,5.0259037,10.049495,6.3043394,821.7539,0.3043394,71.75391,5.072324,9.567187
33,6.0,800.0,5.0725007,318.9701,0.9274993,481.0299,15.458322,60.12874,5.1021585,322.2767,0.89784145,477.7233,14.964025,59.715416,6.245737,848.2099,0.24573708,48.2099,4.0956182,6.0262375,6.2351694,847.33276,0.23516941,47.332764,3.91949,5.9165955
34,6.0,849.99994,5.0574646,299.1588,0.9425354,550.8411,15.708923,64.80484,5.0731277,290.03122,0.92687225,559.96875,15.447871,65.878685,6.217589,867.0616,0.2175889,17.061646,3.6264818,2.0072525,6.1947155,868.90625,0.1947155,18.906311,3.2452583,2.224272
35,6.0,900.0,5.0522456,293.86646,0.9477544,606.13354,15.795906,67.34817,5.057122,266.86942,0.94287777,633.1306,15.714629,70.34785,6.204971,881.6822,0.20497084,18.31781,3.4161806,2.0353122,6.171074,885.8006,0.17107391,14.199402,2.851232,1.5777113
36,6.0,950.0,5.0511513,302.3574,0.9488487,647.6426,15.814145,68.172905,5.0475426,249.67876,0.9524574,700.3212,15.87429,73.718025,6.200564,892.6159,0.20056391,57.384094,3.3427317,6.040431,6.156903,898.4638,0.15690279,51.536194,2.6150465,5.4248624
37,6.0,1000.00006,5.04833,324.41302,0.95167017,675.58704,15.86117,67.5587,5.0420966,238.33968,0.9579034,761.6604,15.965056,76.16603,6.20005,900.6445,0.20004988,99.35559,3.3341646,9.935558,6.1478767,907.7241,0.14787674,92.27594,2.4646125,9.227593
38,7.0,100.0,19.045824,254.89531,12.045824,154.89531,172.0832,154.89531,17.382223,193.3391,10.382223,93.339096,148.31747,93.339096,12.725657,184.26295,5.7256575,84.262955,81.795105,84.262955,12.667433,181.13892,5.667433,81.138916,80.963326,81.138916
39,7.0,150.0,5.1144686,131.71733,1.8855314,18.28267,26.936165,12.188446,5.023312,110.38838,1.9766879,39.611618,28.238398,26.407745,12.850063,245.38106,5.8500633,95.38106,83.572334,63.58737,12.82584,250.04405,5.82584,100.04405,83.22629,66.69604
40,7.0,200.0,5.0307794,121.322296,1.9692206,78.677704,28.131723,39.338852,5.024406,113.42401,1.975594,86.57599,28.222773,43.287994,13.690855,352.9035,6.690855,152.9035,95.58364,76.45175,13.65437,354.36163,6.6543703,154.36163,95.06243,77.18082
41,7.0,250.00002,5.0347,121.39926,1.9653001,128.60075,28.075716,51.4403,5.020946,115.021935,1.979054,134.97809,28.2722,53.991234,14.213213,487.1746,7.213213,237.17458,103.045906,94.86982,14.185707,482.88367,7.185707,232.88365,102.652954,93.15345
42,7.0,300.0,5.250817,173.0271,1.7491832,126.9729,24.98833,42.324303,5.225809,174.0583,1.7741909,125.941696,25.345585,41.980564,14.245056,597.6592,7.245056,297.65918,103.50081,99.21973,14.242248,594.2453,7.2422476,294.2453,103.46068,98.081764
43,7.0,350.00003,8.294305,416.54492,1.2943048,66.54489,18.490068,19.012823,8.444562,417.25735,1.444562,67.257324,20.636599,19.216377,13.864597,669.4555,6.8645973,319.45547,98.065674,91.27299,13.863423,669.0994,6.8634233,319.0994,98.048904,91.17125
44,7.0,400.0,9.841142,546.0235,2.8411417,146.0235,40.587738,36.505875,9.856784,534.05414,2.8567839,134.05414,40.8112,33.513535,13.1156645,711.9499,6.1156645,311.9499,87.36664,77.98747,13.092494,713.56616,6.092494,313.56616,87.03563,78.39154
45,7.0,450.0,10.2233925,625.00214,3.2233925,175.00214,46.048466,38.889362,10.038923,602.88763,3.0389233,152.88763,43.41319,33.97503,12.022107,734.953,5.022107,284.953,71.744385,63.32289,11.976057,737.19763,4.976057,287.19763,71.08653,63.821697
46,7.0,500.00003,9.788963,666.85187,2.7889633,166.85184,39.842335,33.370365,9.707231,646.68634,2.7072306,146.68631,38.67472,29.33726,10.684586,744.8486,3.6845856,244.84854,52.63694,48.969704,10.6412945,746.9114,3.6412945,246.91135,52.018494,49.382267
47,7.0,550.0,9.3177805,693.4186,2.3177805,143.41858,33.11115,26.076105,9.267968,680.72266,2.2679682,130.72266,32.399544,23.767756,9.333756,746.7989,2.3337564,196.79889,33.33938,35.781616,9.321187,748.30994,2.321187,198.30994,33.159813,36.05635
48,7.0,600.0,8.642672,696.9331,1.6426716,96.933105,23.466738,16.155518,8.602346,689.2492,1.6023464,89.24921,22.890663,14.874868,8.217779,746.4261,1.2177792,146.42609,17.396845,24.404348,8.238295,746.96063,1.2382946,146.96063,17.689922,24.493439
49,7.0,650.0,7.8890963,685.52783,0.88909626,35.527832,12.701376,5.4658203,7.9455194,683.94617,0.94551945,33.946167,13.5074215,5.222487,7.4350915,749.135,0.4350915,99.13501,6.215593,15.251539,7.472336,747.9535,0.47233582,97.95349,6.747655,15.069768
50,7.0,700.00006,6.931557,655.8763,0.06844282,44.12378,0.9777546,6.3033967,7.0899587,659.3796,0.08995867,40.620483,1.2851238,5.8029256,6.9373255,758.12555,0.06267452,58.12549,0.89535034,8.30364,6.9759836,754.7122,0.02401638,54.71216,0.34309116,7.816022
51,7.0,750.0,6.061605,612.19543,0.938395,137.80457,13.405643,18.373943,6.214028,617.69507,0.7859721,132.30493,11.228173,17.640657,6.633452,773.5566,0.36654806,23.55658,5.236401,3.1408772,6.6651855,768.3491,0.33481455,18.349121,4.783065,2.4465497
52,7.0,800.0,5.5090275,546.8098,1.4909725,253.19019,21.299608,31.648773,5.635322,554.9851,1.3646779,245.0149,19.4954,30.62686,6.4498906,793.4262,0.5501094,6.5737915,7.8587055,0.821724,6.4711046,787.77954,0.5288954,12.220459,7.555648,1.5275574
53,7.0,849.99994,5.259169,475.23138,1.7408309,374.76855,24.869013,44.09042,5.3486977,485.9954,1.6513023,364.00455,23.590033,42.82407,6.339438,814.97754,0.66056204,35.0224,9.436601,4.1202826,6.3488746,810.41376,0.65112543,39.58618,9.301792,4.657198
54,7.0,900.0,5.15146,415.36115,1.8485398,484.63885,26.407713,53.848763,5.206409,424.25534,1.793591,475.74466,25.622728,52.860516,6.273816,835.75854,0.7261839,64.241455,10.374056,7.1379395,6.2713866,833.28076,0.7286134,66.71924,10.408763,7.4132485
55,7.0,950.0,5.1008525,371.37354,1.8991475,578.62646,27.130678,60.90805,5.134139,374.11905,1.8658609,575.881,26.655155,60.61905,6.236017,854.16034,0.7639828,95.83966,10.91404,10.088386,6.222283,854.093,0.7777171,95.90698,11.110245,10.095472
56,7.0,1000.00006,5.0766087,343.57047,1.9233913,656.42957,27.47702,65.64295,5.0965457,336.7171,1.9034543,663.28296,27.192205,66.32829,6.215453,869.4914,0.78454685,130.50867,11.207812,13.050866,6.1912994,871.6908,0.80870056,128.30927,11.552865,12.830925
57,8.0,100.0,18.867716,177.56114,10.867716,77.56114,135.84645,77.56114,14.54031,137.81522,6.54031,37.815216,81.753876,37.815216,14.162541,196.67847,6.1625414,96.67847,77.03177,96.67847,13.992531,188.51585,5.992531,88.515854,74.90663,88.515854
58,8.0,150.0,5.2835364,142.05098,2.7164636,7.9490204,33.955795,5.299347,5.0238247,110.866264,2.9761753,39.133736,37.20219,26.089155,12.632319,218.14767,4.6323195,68.147675,57.90399,45.431786,12.59901,220.79259,4.5990105,70.79259,57.487633,47.19506
59,8.0,200.0,5.047117,124.109474,2.9528828,75.890526,36.911034,37.945263,5.029904,112.555565,2.970096,87.444435,37.1262,43.722218,13.284431,294.318,5.2844315,94.31799,66.05539,47.158997,13.256345,298.7188,5.256345,98.71881,65.70431,49.359406
60,8.0,250.00002,5.0285254,120.445656,2.9714746,129.55435,37.143433,51.82174,5.0196424,113.39786,2.9803576,136.60216,37.25447,54.640858,13.961142,405.5796,5.9611416,155.57957,74.51427,62.231827,13.923368,404.14304,5.9233685,154.14302,74.04211,61.657204
61,8.0,300.0,5.0460935,124.35739,2.9539065,175.64261,36.923832,58.54754,5.0282927,118.1101,2.9717073,181.8899,37.146343,60.629963,14.279205,521.53986,6.2792053,221.53986,78.49007,73.84662,14.259765,516.90027,6.2597647,216.90027,78.247055,72.30009
62,8.0,350.00003,5.8372273,241.07791,2.1627727,108.92212,27.034658,31.120602,5.7879496,240.5225,2.2120504,109.47752,27.65063,31.27929,14.231154,611.7129,6.2311544,261.71286,77.88943,74.77509,14.231821,608.766,6.231821,258.76596,77.897766,73.93312
63,8.0,400.0,9.138707,457.06573,1.1387072,57.065735,14.233839,14.266435,9.362353,455.8184,1.3623533,55.81839,17.029417,13.954597,13.875756,672.1508,5.8757563,272.15082,73.44695,68.037704,13.876152,671.91235,5.876152,271.91235,73.451904,67.97809
64,8.0,450.0,10.470991,575.9551,2.4709911,125.95508,30.88739,27.990017,10.624868,564.92224,2.6248684,114.92224,32.810856,25.538275,13.239485,710.1807,5.239485,260.18073,65.49356,57.817936,13.221147,711.7312,5.2211466,261.7312,65.264336,58.162487
65,8.0,500.00003,10.978007,653.10657,2.9780073,153.10654,37.22509,30.621305,10.822276,634.8719,2.822276,134.87186,35.27845,26.974371,12.335017,732.6442,4.335017,232.6442,54.187714,46.528835,12.294616,734.90546,4.2946157,234.90543,53.682697,46.981083
66,8.0,550.0,10.6928215,705.0176,2.6928215,155.01758,33.66027,28.185013,10.552692,679.52313,2.5526924,129.52313,31.908655,23.549662,11.212745,744.11066,3.2127447,194.11066,40.15931,35.292847,11.166182,746.3556,3.1661816,196.35559,39.57727,35.701015
67,8.0,600.0,10.386146,740.1246,2.3861456,140.12457,29.82682,23.354095,10.296439,718.71045,2.2964392,118.71045,28.70549,19.785074,10.002564,748.03973,2.0025644,148.03973,25.032055,24.673288,9.974529,749.90845,1.9745293,149.90845,24.681616,24.984741
68,8.0,650.0,9.875797,756.08716,1.8757973,106.08716,23.447466,16.321102,9.833889,742.24536,1.833889,92.24536,22.923613,14.191595,8.885816,747.9814,0.8858156,97.981384,11.072695,15.0740595,8.889224,749.23956,0.88922405,99.23956,11.115301,15.267626
69,8.0,700.00006,9.360643,762.9173,1.3606434,62.917236,17.008041,8.988175,9.317596,753.92236,1.3175964,53.922302,16.469955,7.703185,7.996601,747.8042,0.0033988953,47.80414,0.04248619,6.829162,8.025378,748.03436,0.025378227,48.0343,0.31722784,6.862043
70,8.0,750.0,8.721916,756.70557,0.7219162,6.7055664,9.0239525,0.8940755,8.74912,754.25696,0.74911976,4.256958,9.3639965,0.5675944,7.36302,750.8464,0.63698006,0.8463745,7.9622507,0.112849936,7.4032316,749.4542,0.5967684,0.54577637,7.4596047,0.07277018
71,8.0,800.0,7.9456587,740.54266,0.054341316,59.457336,0.67926645,7.432167,8.065767,742.3443,0.06576729,57.6557,0.8220911,7.206962,6.940009,758.892,1.0599909,41.10797,13.249886,5.1384964,6.9804296,755.5342,1.0195704,44.46582,12.744629,5.5582275
72,8.0,849.99994,7.121863,716.62366,0.8781371,133.37628,10.976714,15.691328,7.3056154,721.9099,0.6943846,128.09003,8.679808,15.069416,6.665504,771.9216,1.334496,78.07837,16.6812,9.185691,6.6998014,766.9276,1.3001986,83.07233,16.252481,9.773215
73,8.0,900.0,6.3275843,676.32196,1.6724157,223.67804,20.905197,24.853115,6.513464,684.3702,1.486536,215.62982,18.5817,23.95887,6.4888387,788.6339,1.5111613,111.36609,18.889517,12.37401,6.514014,782.9861,1.4859862,117.013916,18.574827,13.001546
74,8.0,950.0,5.7479367,621.41046,2.2520633,328.58954,28.150791,34.58837,5.8999934,630.65186,2.1000066,319.34814,26.250082,33.615597,6.3754153,807.1923,1.6245847,142.80768,20.307308,15.032387,6.3902473,802.096,1.6097527,147.90399,20.121908,15.56884
75,8.0,1000.00006,5.422164,560.7697,2.577836,439.23035,32.22295,43.92303,5.525101,570.0018,2.4748988,429.9983,30.936235,42.99983,6.3030643,825.82025,1.6969357,174.17981,21.211697,17.41798,6.307266,822.23584,1.6927338,177.76422,21.159172,17.77642
76,9.0,100.0,19.188925,170.30421,10.188925,70.304214,113.21027,70.304214,18.252012,161.02324,9.252012,61.02324,102.80013,61.023243,15.030419,209.52501,6.0304193,109.52501,67.004654,109.52501,14.685981,197.06445,5.685981,97.06445,63.177563,97.06445
77,9.0,150.0,7.6483765,179.59854,1.3516235,29.598541,15.01804,19.73236,5.077022,116.95112,3.922978,33.04888,43.588646,22.032587,12.581922,200.90544,3.5819216,50.90544,39.79913,33.93696,12.534972,201.06064,3.5349722,51.06064,39.27747,34.040424
78,9.0,200.0,5.091728,129.603,3.9082718,70.397,43.42524,35.1985,5.0256324,110.88608,3.9743676,89.11392,44.159637,44.55696,12.9550495,256.60193,3.9550495,56.60193,43.944992,28.300964,12.931201,261.54645,3.931201,61.546448,43.68001,30.773222
79,9.0,250.00002,5.0312967,121.339386,3.9687033,128.66063,44.096703,51.46425,5.0252595,113.07057,3.9747405,136.92944,44.163784,54.771774,13.634679,342.58316,4.634679,92.583145,51.496433,37.033257,13.599346,344.62415,4.599346,94.62413,51.103848,37.84965
80,9.0,300.0,5.0304356,120.38329,3.9695644,179.6167,44.106274,59.872234,5.0192227,113.60503,3.9807773,186.39497,44.230858,62.131657,14.128707,448.90244,5.128707,148.90244,56.985634,49.634144,14.095192,445.60358,5.095192,145.60358,56.613243,48.534523
81,9.0,350.00003,5.074834,132.39897,3.9251661,217.60106,43.612957,62.171726,5.052212,126.52612,3.9477878,223.4739,43.86431,63.84968,14.313488,547.84467,5.313488,197.84464,59.038757,56.527035,14.3011875,543.3074,5.3011875,193.30734,58.902084,55.230667
82,9.0,400.0,7.1782713,329.78568,1.8217287,70.214325,20.24143,17.553581,7.111016,322.6494,1.8889842,77.350586,20.988712,19.337646,14.219633,623.1347,5.219633,223.1347,57.995922,55.783676,14.223249,620.6109,5.2232494,220.6109,58.036106,55.152725
83,9.0,450.0,10.013637,498.94287,1.0136366,48.94287,11.262629,10.876194,10.270464,495.01303,1.270464,45.01303,14.116266,10.002895,13.887945,675.0992,4.887945,225.09918,54.3105,50.02204,13.8900585,674.9911,4.8900585,224.99109,54.333984,49.99802
84,9.0,500.00003,11.170264,609.8626,2.1702642,109.86258,24.114046,21.972515,11.447714,600.6342,2.4477139,100.634186,27.196821,20.126837,13.335323,709.3888,4.3353233,209.38876,48.17026,41.87775,13.321142,710.9095,4.321142,210.90945,48.01269,42.18189
85,9.0,550.0,11.717661,684.0127,2.717661,134.0127,30.196232,24.365946,11.632739,668.9293,2.632739,118.92932,29.252657,21.623512,12.569083,730.97784,3.5690832,180.97784,39.656483,32.905064,12.534409,733.2444,3.5344086,183.24438,39.271206,33.31716
86,9.0,600.0,11.625561,742.9172,2.6255608,142.91718,29.172897,23.819529,11.45986,720.1174,2.4598598,120.11737,27.331776,20.019562,11.616039,743.2767,2.6160393,143.27667,29.067102,23.879446,11.570567,745.6472,2.5705671,145.64722,28.561857,24.274536
87,9.0,650.0,11.314736,780.37537,2.3147364,130.37537,25.719294,20.057749,11.192101,754.6548,2.1921005,104.654785,24.356672,16.100737,10.55048,748.7834,1.5504799,98.78339,17.227554,15.197444,10.513559,750.89966,1.5135593,100.89966,16.817326,15.523024
88,9.0,700.00006,11.043749,809.41925,2.0437489,109.41919,22.70832,15.631312,10.928535,787.84106,1.9285355,87.841,21.428173,12.548714,9.49378,749.86255,0.49378014,49.862488,5.486446,7.123212,9.481767,751.54114,0.4817667,51.541077,5.3529634,7.3630104
89,9.0,750.0,10.570963,824.294,1.5709629,74.29401,17.455143,9.905868,10.489282,808.986,1.4892817,58.986023,16.547575,7.8648033,8.568019,749.1434,0.4319811,0.8566284,4.79979,0.11421712,8.583801,750.1676,0.41619873,0.16760254,4.6244307,0.022347005
90,9.0,800.0,10.126452,834.48114,1.1264524,34.48114,12.516138,4.3101425,10.057007,825.6541,1.0570068,25.654114,11.74452,3.2067642,7.840172,749.31055,1.1598282,50.689453,12.88698,6.3361816,7.8751655,749.285,1.1248345,50.715027,12.498161,6.339379
91,9.0,849.99994,9.5619335,833.01306,0.5619335,16.986877,6.2437057,1.9984564,9.552404,831.8232,0.5524044,18.176758,6.1378264,2.1384423,7.3107934,752.48364,1.6892066,97.5163,18.76896,11.4725065,7.3536987,750.93835,1.6463013,99.061584,18.292236,11.6543045
92,9.0,900.0,8.936281,825.0104,0.063718796,74.989624,0.70798665,8.33218,8.98775,827.101,0.012249947,72.89899,0.13611051,8.099888,6.9428916,759.70917,2.0571084,140.29083,22.85676,15.587871,6.9852023,756.4101,2.0147977,143.5899,22.38664,15.954433
93,9.0,950.0,8.285862,812.28424,0.71413803,137.71576,7.934867,14.496395,8.426734,816.6076,0.573266,133.3924,6.3696227,14.041305,6.6924872,770.9081,2.3075128,179.09192,25.63903,18.85178,6.7292285,766.11096,2.2707715,183.88904,25.230795,19.35674
94,9.0,1000.00006,7.577809,788.91595,1.4221911,211.0841,15.802124,21.10841,7.7843313,796.79663,1.2156687,203.20343,13.50743,20.320343,6.5231996,785.19403,2.4768004,214.80603,27.520004,21.480602,6.551842,779.6323,2.4481578,220.36774,27.201754,22.036774
95,10.000001,150.0,17.362085,244.9881,7.3620844,94.9881,73.620834,63.325397,10.276714,163.73918,0.27671337,13.7391815,2.7671335,9.159454,12.649956,189.31654,2.6499548,39.316544,26.499546,26.21103,12.593594,187.26411,2.5935926,37.264114,25.935925,24.842743
96,10.000001,200.0,5.156034,134.79285,4.843967,65.20715,48.439663,32.603577,5.020852,109.94658,4.979149,90.05342,49.791485,45.02671,12.732387,231.6953,2.7323856,31.695297,27.323854,15.847649,12.705241,235.61107,2.7052402,35.61107,27.052399,17.805534
97,10.000001,250.00002,5.0440774,123.592445,4.9559236,126.40757,49.55923,50.563026,5.0293956,112.38239,4.9706054,137.61761,49.706047,55.047043,13.313276,297.3547,3.3132753,47.35469,33.13275,18.941875,13.2846575,301.642,3.2846565,51.641983,32.84656,20.656792
98,10.000001,300.0,5.0281754,120.28688,4.9718256,179.71312,49.71825,59.904373,5.0205903,113.0825,4.9794106,186.91751,49.7941,62.30584,13.886554,386.9748,3.8865528,86.97479,38.865524,28.991598,13.848682,386.4992,3.8486814,86.49921,38.486813,28.833067
99,10.000001,350.00003,5.0364275,121.41966,4.9635735,228.58037,49.63573,65.30867,5.022715,114.96628,4.977286,235.03375,49.772854,67.1525,14.234978,484.19885,4.234977,134.19882,42.349766,38.342518,14.208065,479.92444,4.208064,129.92441,42.08064,37.121258
100,10.000001,400.0,5.212914,161.22012,4.787087,238.77988,47.870865,59.69497,5.1995497,159.75922,4.8004513,240.24078,48.00451,60.060196,14.331873,568.8028,4.331872,168.8028,43.318714,42.2007,14.325718,564.5683,4.325717,164.5683,43.257164,41.142075
101,10.000001,450.0,8.731984,403.89514,1.2680168,46.10486,12.680167,10.245524,8.7855625,397.23395,1.2144384,52.766052,12.144383,11.725789,14.211157,632.8737,4.211156,182.87372,42.111553,40.638603,14.217449,630.7375,4.217448,180.73749,42.17448,40.163887
102,10.000001,500.00003,10.938382,543.0258,0.9383812,43.025787,9.383811,8.605157,11.178503,536.9821,1.1785021,36.982086,11.78502,7.396417,13.90103,678.26807,3.9010286,178.26804,39.010284,35.653606,13.904983,678.3017,3.9049816,178.30167,39.049812,35.66033
103,10.000001,550.0,11.93737,646.22174,1.9373693,96.22174,19.373692,17.494862,12.262208,639.44806,2.262207,89.44806,22.622068,16.263285,13.41277,709.3789,3.4127693,159.3789,34.127693,28.977983,13.402299,710.90137,3.402298,160.90137,34.02298,29.254795
104,10.000001,600.0,12.473704,718.3855,2.4737034,118.3855,24.737032,19.730917,12.474861,705.8349,2.4748602,105.8349,24.7486,17.63915,12.750874,729.94507,2.7508726,129.94507,27.508724,21.65751,12.7216,732.21967,2.7215986,132.21967,27.215984,22.03661
105,10.000001,650.0,12.541064,777.9568,2.5410633,127.95679,25.410631,19.68566,12.383858,762.44006,2.3838568,112.44006,23.838564,17.298471,11.930353,742.591,1.9303522,92.591,19.30352,14.244769,11.8881035,745.0544,1.8881025,95.05438,18.881023,14.623751
106,10.000001,700.00006,12.258434,819.3258,2.2584333,119.325745,22.584332,17.046534,12.137099,796.7542,2.1370983,96.75415,21.370981,13.822021,10.994868,749.2156,0.9948673,49.215515,9.948672,7.0307875,10.954106,751.52026,0.9541054,51.520203,9.541053,7.3600283
107,10.000001,750.0,12.080805,853.98627,2.0808039,103.98627,20.808037,13.864836,11.898946,832.92114,1.8989449,82.92114,18.989447,11.056152,10.023369,751.4938,0.023367882,1.4937744,0.2336788,0.19916992,9.999957,753.4616,4.386902e-05,3.461609,0.00043869013,0.46154788
108,10.000001,800.0,11.737053,881.97876,1.737052,81.97876,17.370518,10.247345,11.571726,866.1106,1.5717249,66.110596,15.717247,8.263824,9.11154,751.22815,0.8884611,48.77185,8.88461,6.0964813,9.113737,752.7286,0.88626385,47.271423,8.8626375,5.908928
109,10.000001,849.99994,11.33013,902.3287,1.3301287,52.328735,13.301286,6.1563225,11.180309,891.1634,1.1803083,41.163452,11.803082,4.842759,8.335045,750.3952,1.6649561,99.60474,16.649559,11.718205,8.360468,751.2058,1.639533,98.79413,16.395329,11.622839
110,10.000001,900.0,10.897678,915.5556,0.8976774,15.555603,8.976773,1.7284003,10.810267,912.1764,0.8102665,12.176392,8.102664,1.3529325,7.7248425,750.87396,2.2751584,149.12604,22.751581,16.56956,7.764832,750.63654,2.235169,149.36346,22.351686,16.59594
111,10.000001,950.0,10.36969,918.1845,0.369689,31.81549,3.6968894,3.348999,10.360281,921.9387,0.36028004,28.06128,3.6028001,2.9538188,7.2715983,754.05005,2.7284026,195.94995,27.284023,20.62631,7.31706,752.3942,2.682941,197.60577,26.829407,20.800608
112,10.000001,1000.00006,9.831258,915.9939,0.16874313,84.006165,1.6874311,8.400616,9.848896,922.1556,0.15110493,77.84448,1.511049,7.7844477,6.9459357,760.5641,3.0540652,239.43597,30.540648,23.943596,6.990231,757.32635,3.00977,242.6737,30.097696,24.26737
113,11.0,150.0,9.557806,126.317726,1.442194,23.682274,13.110854,15.788182,8.821523,122.728165,2.1784773,27.271835,19.804338,18.181225,13.69011,196.6953,2.6901102,46.695297,24.455547,31.130198,13.601235,191.61897,2.6012354,41.618973,23.647594,27.745983
114,11.0,200.0,5.3641334,145.20699,5.6358666,54.793015,51.235153,27.396505,5.02581,111.21751,5.97419,88.78249,54.31082,44.391247,12.613612,214.48758,1.6136122,14.487579,14.669202,7.2437897,12.577775,216.68785,1.577775,16.68785,14.34341,8.343925
115,11.0,250.00002,5.0761642,127.83951,5.9238358,122.16051,53.853054,48.8642,5.026997,111.20016,5.973003,138.79987,54.30003,55.519943,13.039483,265.4822,2.039483,15.482193,18.540754,6.192877,13.015131,270.47693,2.015131,20.476913,18.319372,8.190765
116,11.0,300.0,5.0311456,121.189926,5.9688544,178.81007,54.26231,59.603355,5.025373,112.73476,5.974627,187.26524,54.314793,62.421745,13.613203,338.09967,2.613203,38.09967,23.756392,12.69989,13.578468,340.38812,2.5784683,40.388123,23.440622,13.4627075
117,11.0,350.00003,5.028911,119.95166,5.971089,230.04837,54.282623,65.728096,5.0192366,113.05408,5.9807634,236.94595,54.370575,67.69884,14.064093,426.19547,3.0640926,76.195435,27.855387,21.770123,14.0283375,423.77042,3.0283375,73.770386,27.53034,21.077251
118,11.0,400.0,5.0512505,125.1012,5.9487495,274.8988,54.07954,68.7247,5.033848,118.58128,5.966152,281.4187,54.237747,70.354675,14.304604,513.22595,3.3046036,113.22595,30.04185,28.306488,14.284874,508.56628,3.284874,108.566284,29.86249,27.141571
119,11.0,450.0,6.1249595,250.88684,4.8750405,199.11316,44.31855,44.247368,6.1242332,252.1399,4.8757668,197.8601,44.325153,43.968914,14.342188,586.1074,3.342188,136.10742,30.383528,30.246094,14.341367,582.26105,3.3413668,132.26105,30.376062,29.391342
120,11.0,500.00003,10.114491,463.3463,0.88550854,36.653717,8.050077,7.3307433,10.252273,458.82855,0.7477274,41.17148,6.7975216,8.234295,14.205682,641.4817,3.2056818,141.48166,29.142561,28.296331,14.214509,639.70575,3.214509,139.70572,29.22281,27.941143
121,11.0,550.0,11.896793,588.8292,0.89679337,38.829224,8.152667,7.059859,12.095764,582.4562,1.0957642,32.456177,9.961493,5.901123,13.914869,681.6245,2.9148693,131.62451,26.498812,23.93173,13.920767,681.81,2.9207668,131.81,26.552427,23.965454
122,11.0,600.0,12.763616,684.096,1.7636156,84.09601,16.03287,14.016001,13.043204,679.72925,2.0432043,79.72925,18.574585,13.288207,13.4775505,709.9989,2.4775505,109.9989,22.523188,18.33315,13.470472,711.5498,2.4704723,111.549805,22.45884,18.591633
123,11.0,650.0,13.260277,755.4639,2.2602768,105.46393,20.547972,16.22522,13.340514,745.98737,2.3405142,95.987366,21.277403,14.767287,12.896616,729.49146,1.896616,79.491455,17.241964,12.229454,12.872328,731.7834,1.8723278,81.78339,17.021162,12.582059
124,11.0,700.00006,13.441678,813.6595,2.441678,113.659424,22.197073,16.237059,13.309341,803.3814,2.3093414,103.38135,20.994013,14.768763,12.1808195,742.1705,1.1808195,42.17041,10.734723,6.024344,12.142727,744.70874,1.1427269,44.70868,10.388427,6.3869534
125,11.0,750.0,13.244419,857.6048,2.244419,107.6048,20.40381,14.347306,13.13646,842.66876,2.1364603,92.66876,19.422365,12.355835,11.356582,749.5313,0.3565817,0.46868896,3.2416518,0.06249186,11.315307,751.98706,0.31530666,1.9870605,2.8664243,0.26494142
126,11.0,800.0,13.01373,896.1597,2.01373,96.15973,18.306637,12.019966,12.862945,884.83527,1.8629446,84.835266,16.93586,10.604408,10.475136,752.8259,0.5248642,47.174072,4.7714925,5.896759,10.444491,755.0173,0.5555086,44.982727,5.0500784,5.622841
127,11.0,849.99994,12.847763,936.5103,1.8477631,86.510376,16.797846,10.177692,12.62107,928.817,1.6210699,78.81708,14.7369995,9.272597,9.606655,753.3314,1.3933449,96.66852,12.666772,11.372767,9.597129,755.1558,1.4028711,94.84412,12.753373,11.158132
128,11.0,900.0,12.468813,956.17535,1.468813,56.175354,13.352845,6.241706,12.275528,950.5988,1.275528,50.598816,11.595709,5.622091,8.819752,752.46985,2.1802483,147.53015,19.820438,16.392239,8.833915,753.8037,2.1660852,146.19629,19.691683,16.244032
129,11.0,950.0,12.075904,967.7292,1.0759039,17.729187,9.780944,1.8662301,11.953878,964.5406,0.9538784,14.540588,8.671622,1.5305883,8.159061,751.7317,2.8409386,198.26831,25.826714,20.870348,8.192197,752.35046,2.8078032,197.64954,25.525484,20.805214
130,11.0,1000.00006,11.625099,973.324,0.6250992,26.676086,5.6827197,2.6676085,11.645564,973.01776,0.6455641,26.9823,5.8687644,2.6982298,7.6369753,752.4478,3.3630247,247.55225,30.57295,24.755222,7.681195,752.0365,3.3188052,247.96356,30.170956,24.796354
131,12.0,150.0,9.724609,121.41651,2.2753906,28.583488,18.96159,19.055658,10.133342,124.750496,1.8666582,25.249504,15.555485,16.833002,14.542553,207.15448,2.542553,57.15448,21.187943,38.10299,14.369567,198.59204,2.369567,48.59204,19.746391,32.394695
132,12.0,200.0,7.1087036,173.52165,4.8912964,26.478348,40.760803,13.239174,5.0634584,115.4894,6.9365416,84.5106,57.804512,42.2553,12.5819,202.08887,0.58189964,2.0888672,4.849164,1.0444336,12.535902,202.44667,0.535902,2.4466705,4.46585,1.2233353
133,12.0,250.00002,5.117374,131.93301,6.882626,118.067,57.35522,47.2268,5.0220203,110.03054,6.9779797,139.96948,58.149834,55.987785,12.8306875,242.71451,0.8306875,7.285507,6.922396,2.9142027,12.805917,247.2697,0.8059168,2.7303162,6.7159734,1.0921264
134,12.0,300.0,5.040879,123.00487,6.959121,176.99513,57.99268,58.998375,5.028768,112.17881,6.971232,187.8212,58.0936,62.607067,13.348014,301.0543,1.3480139,1.0542908,11.233449,0.35143027,13.31876,305.19382,1.3187599,5.193817,10.989666,1.7312725
135,12.0,350.00003,5.0278926,120.0823,6.9721074,229.91772,58.1009,65.69077,5.021141,112.75595,6.978859,237.24408,58.157158,67.78402,13.846252,376.91373,1.8462524,26.913696,15.385437,7.6896267,13.808746,376.9844,1.8087463,26.984375,15.072886,7.7098207
136,12.0,400.0,5.033096,120.47291,6.966904,279.5271,58.057533,69.881775,5.0213985,113.81064,6.9786015,286.18936,58.155014,71.54734,14.190279,460.25372,2.190279,60.253723,18.252325,15.063431,14.159538,456.54984,2.1595383,56.549835,17.996151,14.137459
137,12.0,450.0,5.107544,138.48012,6.892456,311.5199,57.437134,69.22665,5.091444,132.90999,6.908556,317.09003,57.571297,70.46445,14.351858,537.49414,2.3518581,87.49414,19.598818,19.443142,14.339141,532.8108,2.339141,82.81079,19.49284,18.402397
138,12.0,500.00003,8.242129,357.96304,3.7578707,142.03699,31.31559,28.407394,8.261998,356.903,3.7380018,143.09702,31.150017,28.619402,14.348479,600.8318,2.3484793,100.83176,19.57066,20.16635,14.352377,597.4063,2.352377,97.40628,19.60314,19.481255
139,12.0,550.0,11.2579,515.75024,0.74209976,34.249756,6.184165,6.2272286,11.420307,511.45035,0.57969284,38.549652,4.8307734,7.009028,14.202917,649.29364,2.202917,99.29364,18.357641,18.053389,14.214206,647.8578,2.2142057,97.85779,18.451714,17.792324
140,12.0,600.0,12.83063,634.0963,0.8306303,34.096313,6.9219193,5.6827188,13.007553,629.6364,1.0075531,29.636414,8.396276,4.939402,13.929325,685.13574,1.9293251,85.13574,16.07771,14.189291,13.937247,685.482,1.9372473,85.481995,16.143726,14.246999
141,12.0,650.0,13.63617,723.5467,1.6361704,73.54669,13.634753,11.314876,13.80998,720.70325,1.8099804,70.70325,15.08317,10.877423,13.533255,711.1276,1.5332546,61.127625,12.777122,9.40425,13.529346,712.7297,1.5293465,62.729675,12.744554,9.650719
142,12.0,700.00006,14.069585,793.829,2.0695848,93.82892,17.24654,13.404129,14.21225,788.1767,2.2122498,88.176636,18.435413,12.596661,13.016622,729.54816,1.0166216,29.548096,8.471847,4.221156,12.996921,731.8695,0.9969206,31.869446,8.307672,4.5527773
143,12.0,750.0,14.334701,850.9729,2.3347006,100.9729,19.455837,13.463053,14.254172,842.8549,2.2541723,92.85492,18.78477,12.380656,12.384689,742.0581,0.38468933,7.9418945,3.2057445,1.0589193,12.351075,744.6629,0.35107517,5.337097,2.9256263,0.71161294
144,12.0,800.0,14.244662,897.87213,2.2446623,97.87213,18.705519,12.234016,14.106598,888.68256,2.106598,88.682556,17.554981,11.0853195,11.6538925,749.86523,0.34610748,50.134766,2.8842292,6.2668457,11.614128,752.44745,0.3858719,47.55255,3.215599,5.944069
145,12.0,849.99994,13.964305,942.1827,1.9643049,92.18274,16.369207,10.845029,13.882749,939.2423,1.8827486,89.24237,15.689571,10.499104,10.857774,753.94586,1.1422262,96.05408,9.518552,11.30048,10.823305,756.3219,1.1766949,93.67804,9.80579,11.0209465
146,12.0,900.0,13.805855,971.33496,1.8058548,71.33496,15.04879,7.9261065,13.678798,970.6033,1.6787977,70.60327,13.989981,7.844808,10.046355,755.2416,1.9536448,144.75842,16.280373,16.084269,10.02792,757.3137,1.9720802,142.68628,16.434002,15.854031
147,12.0,950.0,13.478506,981.2806,1.4785061,31.280579,12.320885,3.2926924,13.336099,980.57263,1.3360987,30.572632,11.134156,3.2181718,9.275857,754.7831,2.724143,195.21692,22.70119,20.54915,9.279134,756.4733,2.7208662,193.52667,22.673885,20.37123
148,12.0,1000.00006,13.040673,985.5219,1.0406733,14.478149,8.6722765,1.447815,12.966869,984.65186,0.96686935,15.348206,8.057245,1.5348204,8.592844,753.70105,3.407156,246.29901,28.392967,24.6299,8.616966,754.87933,3.3830338,245.12073,28.191948,24.512072
149,13.0,200.0,7.124393,128.35428,5.875607,71.64572,45.196976,35.82286,8.712037,152.59468,4.287963,47.40532,32.984333,23.70266,13.375195,206.05289,0.37519455,6.052887,2.8861117,3.0264435,13.352521,204.83113,0.35252094,4.831131,2.7116995,2.4155655
150,13.0,250.00002,5.1886864,136.94298,7.8113136,113.05704,60.087025,45.222813,5.0209193,110.003685,7.9790807,139.99634,61.377544,55.998535,12.689339,226.00478,0.31066132,23.99524,2.3897023,9.598095,12.659893,229.45653,0.34010696,20.543488,2.6162076,8.217394
151,13.0,300.0,5.063756,126.24123,7.936244,173.75877,61.04803,57.91959,5.0276775,111.33833,7.9723225,188.66167,61.325558,62.887222,13.113964,273.2916,0.11396408,26.708405,0.87664676,8.9028015,13.088775,278.22562,0.08877468,21.774384,0.6828822,7.2581277
152,13.0,350.00003,5.030503,120.90801,7.969497,229.09201,61.303825,65.45485,5.0250773,112.41658,7.9749227,237.58345,61.34556,67.88098,13.613648,336.97104,0.6136484,13.028992,4.720372,3.7225685,13.579122,339.31763,0.5791216,10.682404,4.4547815,3.052115
153,13.0,400.0,5.028138,119.62546,7.971862,280.37454,61.322014,70.093636,5.01961,112.703026,7.98039,287.29697,61.387615,71.82424,14.02375,412.70078,1.0237503,12.700775,7.8750024,3.1751938,13.987282,410.8785,0.9872818,10.8785095,7.5944753,2.7196274
154,13.0,450.0,5.044352,122.87479,7.955648,327.1252,61.197292,72.69449,5.029842,116.2766,7.970158,333.7234,61.308907,74.16075,14.281625,489.72772,1.2816248,39.727722,9.858652,8.8283825,14.257332,485.3048,1.2573318,35.30481,9.671783,7.8455133
155,13.0,500.00003,5.6439543,206.40024,7.3560457,293.5998,56.584965,58.719955,5.694841,207.4492,7.305159,292.55084,56.19353,58.510166,14.385136,558.15356,1.3851357,58.153534,10.65489,11.630706,14.378987,553.66144,1.3789873,53.661407,10.607595,10.732281
156,13.0,550.0,10.035085,433.14883,2.9649153,116.851166,22.807041,21.245667,10.183129,432.7812,2.8168707,117.21881,21.668236,21.312511,14.3529005,613.67316,1.3529005,63.673157,10.406927,11.576938,14.3610525,610.67676,1.3610525,60.676758,10.469635,11.032138
157,13.0,600.0,12.335182,568.7686,0.6648178,31.231384,5.113983,5.2052307,12.41561,560.94666,0.5843897,39.053345,4.495305,6.5088906,14.202501,656.5208,1.2025013,56.520813,9.25001,9.4201355,14.216212,655.40924,1.2162123,55.40924,9.355478,9.234873
158,13.0,650.0,13.713666,677.62286,0.71366596,27.622864,5.4897385,4.2496715,13.899125,676.12354,0.8991251,26.123535,6.916347,4.0190053,13.944264,688.76996,0.9442644,38.76996,7.2635727,5.9646087,13.954274,689.2847,0.9542742,39.28473,7.3405704,6.0438046
159,13.0,700.00006,14.533134,764.97034,1.5331345,64.970276,11.793343,9.2814665,14.595354,762.2188,1.5953541,62.21875,12.271955,8.888392,13.5822315,712.6672,0.5822315,12.667114,4.478704,1.8095875,13.581322,714.3394,0.5813217,14.339355,4.4717054,2.0484793
160,13.0,750.0,14.896803,832.48535,1.8968029,82.48535,14.590791,10.998047,15.078445,830.44867,2.0784454,80.44867,15.988042,10.726489,13.117688,730.04443,0.11768818,19.955566,0.9052937,2.6607423,13.102215,732.4076,0.10221481,17.592407,0.78626776,2.3456545
161,13.0,800.0,15.211206,888.303,2.2112064,88.30298,17.009281,11.037872,15.197674,880.9984,2.1976738,80.99841,16.905182,10.124802,12.553873,742.2564,0.44612694,57.74359,3.4317455,7.217949,12.524751,744.9253,0.4752493,55.074707,3.6557636,6.884339
162,13.0,849.99994,15.242493,943.0207,2.2424927,93.02075,17.249943,10.943619,15.032977,935.97766,2.032977,85.97772,15.638286,10.115026,11.901246,750.2969,1.0987539,99.703064,8.451954,11.7297735,11.8641615,752.98914,1.1358385,97.0108,8.737219,11.413036
163,13.0,900.0,14.917591,975.156,1.9175911,75.156006,14.750701,8.350667,14.909073,974.3655,1.9090729,74.36548,14.685176,8.262831,11.182079,754.95154,1.8179207,145.04846,13.984005,16.116495,11.146287,757.4863,1.853713,142.51367,14.259331,15.834853
164,13.0,950.0,14.555048,984.71295,1.555048,34.71295,11.961908,3.653995,14.642908,985.8877,1.6429081,35.887695,12.637755,3.7776523,10.431686,756.94226,2.5683136,193.05774,19.75626,20.321867,10.407172,759.21906,2.5928278,190.78094,19.944828,20.082205
165,13.0,1000.00006,14.218589,988.6363,1.2185888,11.36377,9.37376,1.1363769,14.215859,989.4849,1.2158594,10.515137,9.352764,1.0515136,9.693824,757.0318,3.3061762,242.96826,25.432125,24.296825,9.687784,758.98987,3.3122158,241.0102,25.478584,24.101017
166,14.0,200.0,13.530841,176.05608,0.46915913,23.943924,3.3511367,11.971962,14.015507,194.44902,0.015506744,5.5509796,0.11076246,2.7754898,15.105048,240.70517,1.1050482,40.70517,7.893201,20.352585,15.147892,238.23717,1.147892,38.237167,8.199228,19.118584
167,14.0,250.00002,5.3972116,146.17047,8.602789,103.829544,61.44849,41.531815,5.026334,111.22284,8.973666,138.77718,64.09761,55.510868,12.609893,213.38226,1.3901072,36.617752,9.929337,14.6470995,12.573116,215.43939,1.4268837,34.560623,10.192026,13.824248
168,14.0,300.0,5.0955563,129.95775,8.904444,170.04225,63.60317,56.68075,5.0237527,110.29801,8.976248,189.702,64.11606,63.234,12.92218,252.33429,1.0778198,47.66571,7.6987133,15.88857,12.898066,257.20297,1.1019344,42.797028,7.87096,14.265676
169,14.0,350.00003,5.0377316,122.36777,8.962269,227.63226,64.016205,65.03778,5.02803,111.953705,8.97197,238.04633,64.085495,68.01323,13.388325,305.40903,0.61167526,44.591003,4.369109,12.740286,13.358343,309.36194,0.6416569,40.638092,4.5832634,11.610883
170,14.0,400.0,5.0275135,119.80727,8.9724865,280.19275,64.08919,70.04819,5.021366,112.440735,8.978634,287.55927,64.1331,71.88982,13.830474,371.93613,0.1695261,28.063873,1.2109007,7.0159683,13.793323,372.2784,0.20667744,27.721588,1.4762675,6.9303966
171,14.0,450.0,5.0316257,119.982315,8.968374,330.0177,64.059814,73.337265,5.0214295,113.256386,8.978571,336.74362,64.13265,74.83192,14.158995,445.08093,0.15899467,4.9190674,1.1356763,1.093126,14.12644,441.8625,0.12644005,8.137512,0.90314317,1.808336
172,14.0,500.00003,5.0852575,132.27907,8.914742,367.72095,63.67673,73.54419,5.071121,125.91436,8.928879,374.08566,63.777702,74.81712,14.349199,515.3349,0.3491993,15.334869,2.4942806,3.0669737,14.331883,510.60562,0.33188343,10.605591,2.370596,2.121118
173,14.0,550.0,8.088724,335.86853,5.911276,214.13147,42.2234,38.932995,8.066701,338.3056,5.933299,211.6944,42.380707,38.48989,14.409487,576.0461,0.40948677,26.046082,2.9249055,4.735651,14.409408,571.8699,0.40940762,21.869873,2.92434,3.9763405
174,14.0,600.0,11.6141,502.52567,2.3858995,97.474335,17.04214,16.245724,11.627532,496.52567,2.372468,103.474335,16.9462,17.245722,14.356603,625.0966,0.35660267,25.096619,2.5471618,4.18277,14.368662,622.5259,0.36866188,22.525879,2.633299,3.7543132
175,14.0,650.0,13.474706,625.14215,0.5252943,24.85785,3.7521024,3.8242843,13.442715,612.8071,0.5572853,37.19287,3.9806094,5.72198,14.204075,663.2986,0.20407486,13.298584,1.4576776,2.0459359,14.220184,662.4991,0.22018433,12.499084,1.5727451,1.922936
176,14.0,700.00006,14.607329,721.82245,0.60732937,21.822388,4.338067,3.1174836,14.789888,721.83356,0.7898884,21.833496,5.64206,3.1190705,13.959565,692.4974,0.040434837,7.5026855,0.28882027,1.0718122,13.971702,693.1866,0.028298378,6.8134766,0.20213127,0.97335374
177,14.0,750.0,15.430905,807.1501,1.4309053,57.150085,10.220753,7.6200113,15.423115,804.4855,1.4231148,54.485474,10.165106,7.2647295,13.62606,714.53723,0.37394047,35.46277,2.6710033,4.728369,13.628015,716.2952,0.37198544,33.704773,2.657039,4.49397
178,14.0,800.0,15.756014,870.9181,1.7560139,70.91809,12.542955,8.864761,15.934442,870.59576,1.9344416,70.595764,13.81744,8.8244705,13.20444,730.914,0.7955599,69.086,5.6825705,8.63575,13.19289,733.3312,0.80710983,66.66882,5.7650704,8.333603
179,14.0,849.99994,16.065973,927.1165,2.0659733,77.11658,14.756952,9.072539,16.090216,922.21405,2.0902157,72.21411,14.930113,8.495779,12.696706,742.7476,1.3032942,107.25232,9.309244,12.61792,12.671952,745.4815,1.3280478,104.51843,9.486055,12.296287
180,14.0,900.0,16.171474,977.0648,2.1714745,77.06482,15.510532,8.5627575,15.961674,972.6277,1.9616737,72.627686,14.011955,8.069742,12.109653,750.86676,1.8903465,149.13324,13.502476,16.57036,12.075872,753.6586,1.9241276,146.34137,13.743769,16.26015
181,14.0,950.0,15.748172,987.34607,1.7481718,37.34607,12.486941,3.9311652,15.795044,987.44617,1.795044,37.446167,12.821743,3.9417017,11.458286,755.9193,2.5417137,194.08069,18.155098,20.429546,11.422893,758.59406,2.5771074,191.40594,18.40791,20.147995
182,14.0,1000.00006,15.173083,989.53235,1.1730833,10.467712,8.379167,1.0467712,15.428866,991.0243,1.4288664,8.975769,10.206188,0.89757687,10.7675495,758.4772,3.2324505,241.52289,23.088932,24.152288,10.739375,760.9314,3.260625,239.06866,23.290178,23.906866
183,15.0,200.0,14.1165085,172.13072,0.8834915,27.869278,5.8899436,13.934639,14.185584,188.13452,0.81441593,11.8654785,5.4294395,5.9327393,15.485783,245.88586,0.48578262,45.885864,3.238551,22.942932,15.48603,240.95595,0.48602962,40.955948,3.2401974,20.477974
184,15.0,250.00002,5.7745385,125.63028,9.225462,124.369736,61.503082,49.74789,5.4092164,114.07635,9.590784,135.92368,63.938557,54.36947,13.022455,211.37738,1.9775448,38.622635,13.183633,15.449053,13.012136,212.46542,1.9878635,37.53459,13.252423,15.013836
185,15.0,300.0,5.133333,133.13252,9.866667,166.86748,65.77778,55.622494,5.020531,109.730286,9.979469,190.26971,66.52979,63.42324,12.776046,236.24768,2.2239542,63.75232,14.826362,21.250772,12.7498865,240.46733,2.2501135,59.53267,15.000756,19.844223
186,15.0,350.00003,5.0536175,124.79604,9.9463825,225.20398,66.30922,64.34399,5.0278697,111.34475,9.97213,238.65527,66.480865,68.18721,13.184107,280.67178,1.8158932,69.32825,12.105954,19.80807,13.157912,285.47186,1.8420877,64.52817,12.280585,18.436619
187,15.0,400.0,5.0295696,120.524704,9.97043,279.47528,66.469536,69.86882,5.024563,112.120155,9.975437,287.87985,66.502914,71.96996,13.629339,338.06393,1.3706608,61.936066,9.137738,15.484017,13.59476,340.344,1.40524,59.656006,9.368267,14.914001
188,15.0,450.0,5.0276327,119.31331,9.972367,330.6867,66.48245,73.48593,5.0200715,112.42939,9.979929,337.57062,66.53286,75.01569,14.004162,405.0551,0.99583817,44.944885,6.6389213,9.987752,13.967593,403.59418,1.0324068,46.405823,6.8827124,10.312406
189,15.0,500.00003,5.042069,122.06006,9.9579315,377.93997,66.38621,75.58799,5.029777,115.41831,9.970222,384.58173,66.46815,76.91634,14.262974,474.11417,0.7370262,25.885864,4.913508,5.1771727,14.2361355,469.98563,0.7638645,30.014404,5.09243,6.0028806
190,15.0,550.0,5.5251474,191.11569,9.474853,358.8843,63.165684,65.25169,5.598152,189.61957,9.401848,360.38043,62.678986,65.52371,14.400328,537.7468,0.5996723,12.253174,3.9978154,2.2278497,14.3900175,532.99805,0.6099825,17.001953,4.06655,3.0912642
191,15.0,600.0,10.290616,426.8159,4.709384,173.18411,31.395895,28.86402,10.394226,424.68018,4.605774,175.31982,30.70516,29.21997,14.428022,591.78156,0.5719776,8.218445,3.813184,1.3697408,14.43353,587.99207,0.56647015,12.007935,3.7764676,2.0013225
192,15.0,650.0,12.9958725,569.31976,2.0041275,80.68024,13.36085,12.412344,12.932612,557.1754,2.0673876,92.824585,13.782583,14.280705,14.360202,635.4192,0.63979816,14.580811,4.2653213,2.2432017,14.375887,633.2654,0.6241131,16.73462,4.160754,2.5745568
193,15.0,700.00006,14.603896,680.80084,0.39610386,19.199219,2.6406922,2.7427454,14.555124,667.30774,0.44487572,32.69232,2.9658382,4.6703315,14.207304,669.7161,0.792696,30.283936,5.28464,4.3262763,14.225788,669.21844,0.7742119,30.781616,5.1614122,4.397373
194,15.0,750.0,15.601973,770.1303,0.6019726,20.13031,4.0131507,2.6840413,15.715839,768.7181,0.7158394,18.718079,4.7722626,2.495744,13.975105,696.28955,1.0248947,53.71045,6.8326316,7.161393,13.989392,697.1582,1.0106077,52.841797,6.737385,7.045573
195,15.0,800.0,16.323954,847.40576,1.3239536,47.40576,8.826358,5.92572,16.305145,847.6484,1.3051453,47.648376,8.700969,5.956047,13.665844,716.6708,1.334156,83.32922,8.894374,10.416153,13.670545,718.52716,1.3294554,81.47284,8.863035,10.184105
196,15.0,849.99994,16.656641,909.2666,1.656641,59.266663,11.044273,6.972549,16.771692,908.2689,1.7716923,58.268982,11.811282,6.855175,13.2801075,732.0966,1.7198925,117.90332,11.46595,13.87098,13.272213,734.5786,1.727787,115.421326,11.51858,13.578981
197,15.0,900.0,16.921165,970.3778,1.9211655,70.37781,12.80777,7.819756,16.936945,967.5066,1.936945,67.50659,12.912967,7.500733,12.819136,743.5032,2.1808643,156.49683,14.539096,17.388536,12.798557,746.30505,2.2014427,153.69495,14.676285,17.077217
198,15.0,950.0,16.899382,989.5555,1.8993816,39.55548,12.662545,4.163735,16.806273,987.6617,1.8062725,37.661682,12.041817,3.9643877,12.287406,751.58984,2.712594,198.41016,18.08396,20.88528,12.257224,754.47504,2.742776,195.52496,18.285173,20.581575
199,15.0,1000.00006,16.430876,991.4569,1.4308758,8.543152,9.539172,0.85431516,16.476988,991.73737,1.4769878,8.262695,9.846585,0.8262695,11.695169,756.9002,3.3048306,243.09985,22.032204,24.309984,11.661308,759.7013,3.3386917,240.29877,22.257944,24.029875
200,16.0,750.0,15.8934965,805.7412,0.10650349,55.74121,0.6656468,7.4321613,17.838097,962.5649,1.8380966,212.56488,11.488104,28.341984,15.686142,778.35114,0.31385803,28.351135,1.9616127,3.7801516,16.053507,792.17236,0.05350685,42.172363,0.33441782,5.622982
201,16.0,800.0,16.427082,873.15955,0.42708206,73.159546,2.669263,9.144943,16.264,890.01447,0.26399994,90.014465,1.6499996,11.251808,15.236156,783.49835,0.76384354,16.501648,4.774022,2.062706,15.542683,795.6301,0.45731735,4.369873,2.8582335,0.54623413
202,16.0,849.99994,17.553785,951.9218,1.5537853,101.921875,9.711159,11.990809,16.194328,880.36084,0.19432831,30.3609,1.2145519,3.5718708,14.775957,788.9973,1.2240429,61.002625,7.650268,7.1767797,15.025248,799.78784,0.9747524,50.212097,6.0922027,5.907306
203,16.0,900.0,17.162193,962.9681,1.1621933,62.96808,7.263708,6.996453,16.780674,918.937,0.780674,18.937012,4.8792124,2.1041126,14.316772,795.9913,1.6832275,104.00873,10.520172,11.556525,14.518174,805.801,1.4818258,94.198975,9.261412,10.466553
204,16.0,950.0,16.237186,961.5671,0.23718643,11.567078,1.4824152,1.2175871,16.295063,935.28705,0.29506302,14.712952,1.8441439,1.5487318,13.865033,805.2658,2.1349669,144.73419,13.343543,15.235178,14.030391,814.39496,1.9696093,135.60504,12.310058,14.274214
205,16.0,1000.00006,14.903227,953.9303,1.0967731,46.069763,6.854832,4.606976,15.4281645,946.4811,0.5718355,53.518982,3.573972,5.3518977,13.480223,821.23004,2.5197773,178.77002,15.748608,17.877,13.626046,830.0151,2.3739538,169.98499,14.837212,16.998499
206,17.0,350.00003,10.11387,210.11057,6.8861303,139.88947,40.50665,39.968414,16.109564,288.0682,0.8904362,61.931824,5.2378597,17.694805,15.428237,328.12668,1.571763,21.873352,9.245665,6.249529,15.73224,343.1307,1.2677603,6.8693237,7.4574137,1.9626638
207,17.0,400.0,5.0937304,117.987915,11.906269,282.0121,70.03687,70.50302,5.314613,151.11067,11.685387,248.88933,68.737564,62.222332,14.182405,318.8529,2.8175945,81.147095,16.574085,20.286774,14.30022,326.90155,2.6997805,73.09845,15.881062,18.274612
208,17.0,450.0,5.028513,120.06489,11.971487,329.93512,70.42051,73.31892,5.023958,111.85382,11.976042,338.14618,70.4473,75.14359,13.656356,340.7838,3.3436441,109.21619,19.668495,24.270264,13.621564,342.90448,3.378436,107.09552,19.873154,23.799006
209,17.0,500.00003,5.0272484,118.99501,11.972752,381.005,70.42795,76.201,5.0206556,112.225945,11.979344,387.77408,70.466736,77.55481,14.001198,401.37772,2.9988022,98.622314,17.640013,19.72446,13.964791,400.0889,3.0352087,99.91113,17.85417,19.982225
210,17.0,550.0,5.0420666,121.85029,11.957933,428.14972,70.34078,77.8454,5.0323076,115.31498,11.967692,434.68503,70.398186,79.033646,14.253693,464.14624,2.7463074,85.85376,16.154749,15.609774,14.225594,460.25574,2.7744064,89.74426,16.320038,16.317139
211,17.0,600.0,5.631252,196.48656,11.368748,403.51343,66.874985,67.252235,5.739547,194.51917,11.260453,405.48083,66.23796,67.58014,14.407803,523.30145,2.5921974,76.69855,15.2482195,12.783091,14.394719,518.48157,2.6052809,81.51843,15.325181,13.586405
212,17.0,650.0,10.73843,431.4265,6.26157,218.57349,36.832764,33.62669,10.785309,429.4088,6.214691,220.59119,36.557007,33.937107,14.471144,575.14343,2.5288563,74.85657,14.875625,11.516396,14.474043,570.868,2.525957,79.13202,14.858571,12.174157
213,17.0,700.00006,13.597663,574.5219,3.402337,125.47815,20.013748,17.92545,13.544586,566.522,3.4554138,133.47809,20.325964,19.068296,14.45477,618.43756,2.54523,81.5625,14.97194,11.651785,14.470183,615.51416,2.5298166,84.4859,14.881274,12.069413
214,17.0,750.0,15.466121,688.0072,1.5338793,61.992798,9.0228195,8.265706,15.3426695,670.9725,1.6573305,79.02753,9.749002,10.5370035,14.368137,653.5839,2.6318626,96.41608,15.481545,12.855477,14.390431,652.2283,2.6095686,97.77173,15.350403,13.03623
215,17.0,800.0,16.607452,779.3211,0.3925476,20.678894,2.3091035,2.5848618,16.615498,770.638,0.3845024,29.362,2.2617788,3.67025,14.217582,681.6858,2.7824183,118.31421,16.367167,14.789276,14.240714,681.7659,2.759286,118.23407,16.231094,14.77926
216,17.0,849.99994,17.741322,866.4979,0.74132156,16.497986,4.360715,1.9409395,17.610884,865.38916,0.6108837,15.389221,3.5934336,1.8104967,14.006499,703.9667,2.9935007,146.03326,17.608828,17.180386,14.025078,705.2035,2.9749222,144.79645,17.499542,17.034878
217,17.0,900.0,18.148823,930.56323,1.1488228,30.563232,6.757781,3.3959146,18.165335,931.627,1.1653347,31.627014,6.85491,3.5141125,13.736173,721.5108,3.2638273,178.4892,19.198984,19.832132,13.746065,723.5934,3.2539349,176.40662,19.140793,19.600735
218,17.0,950.0,18.40328,990.77344,1.4032803,40.773438,8.25459,4.2919407,18.409622,989.02814,1.4096222,39.028137,8.291895,4.108225,13.40684,735.19086,3.5931597,214.80914,21.136232,22.611488,13.405583,737.8302,3.5944166,212.1698,21.143627,22.333664
219,17.0,1000.00006,18.123941,994.6496,1.1239414,5.350464,6.61142,0.53504634,18.199982,993.385,1.1999817,6.6150513,7.058716,0.6615051,13.018932,745.679,3.9810677,254.32104,23.418045,25.432104,13.006049,748.6285,3.9939508,251.37158,23.493828,25.137156
220,18.0,300.0,13.520962,212.14726,4.4790382,87.85274,24.883547,29.284245,15.741447,233.15154,2.2585526,66.848465,12.547514,22.282822,15.829257,296.83176,2.170743,3.1682434,12.059684,1.0560812,16.11657,307.03064,1.8834305,7.0306396,10.463503,2.3435466
221,18.0,350.00003,5.9460135,129.48914,12.053987,220.5109,66.96659,63.003105,7.9837036,178.00996,10.016296,171.99007,55.64609,49.140015,14.100297,266.41867,3.899703,83.58136,21.665018,23.880386,14.244411,274.42227,3.7555885,75.57776,20.864382,21.593643
222,18.0,400.0,5.0641527,126.14441,12.935847,273.8556,71.86582,68.4639,5.0260215,110.65416,12.973978,289.34583,72.07765,72.33646,13.092037,269.75955,4.907963,130.24045,27.26646,32.560112,13.066985,274.7311,4.933015,125.26889,27.405638,31.317223
223,18.0,450.0,5.0322,121.00979,12.9678,328.9902,72.043335,73.10893,5.0263114,111.493576,12.973688,338.5064,72.07605,75.22365,13.484084,316.03946,4.515916,133.96054,25.08842,29.769009,13.452449,319.48865,4.547551,130.51135,25.264174,29.002523
224,18.0,500.00003,5.026506,119.070435,12.973494,380.9296,72.07496,76.18591,5.0214605,111.92195,12.978539,388.07806,72.103,77.61561,13.848355,371.04263,4.1516447,128.9574,23.064692,25.791477,13.811649,371.41495,4.1883507,128.58508,23.268614,25.717014
225,18.0,550.0,5.0308275,119.43857,12.9691725,430.56143,72.05096,78.2839,5.02377,112.939735,12.976231,437.06027,72.09017,79.4655,14.140054,430.80347,3.8599463,119.19653,21.444147,21.672096,14.106628,428.107,3.8933716,121.893005,21.62984,22.162365
226,18.0,600.0,5.09792,132.8449,12.902081,467.1551,71.67823,77.859184,5.097235,127.31172,12.902765,472.6883,71.68203,78.78139,14.343076,489.98294,3.6569242,110.01706,20.316246,18.336178,14.321367,485.4678,3.6786327,114.532196,20.43685,19.0887
227,18.0,650.0,8.809985,341.42685,9.190015,308.57315,51.05564,47.472794,8.860343,347.9864,9.139657,302.0136,50.775875,46.46363,14.458909,544.1465,3.541091,105.853516,19.672728,16.285156,14.452936,539.37067,3.5470638,110.62933,19.70591,17.019897
228,18.0,700.00006,12.56157,514.33307,5.43843,185.66699,30.2135,26.523853,12.534125,501.2327,5.4658747,198.76736,30.36597,28.395334,14.496351,590.9498,3.5036488,109.05023,19.464714,15.578604,14.505283,587.0542,3.4947166,112.94586,19.415092,16.135122
229,18.0,750.0,14.951452,638.85175,3.0485477,111.148254,16.936377,14.819767,14.9702835,633.56726,3.0297165,116.43274,16.831758,15.524365,14.465048,629.92554,3.5349522,120.07446,19.638624,16.009928,14.484865,627.4486,3.5151348,122.55139,19.528526,16.340185
230,18.0,800.0,16.732866,748.3518,1.2671337,51.648193,7.039632,6.456024,16.5727,731.0782,1.4272995,68.921814,7.9294415,8.615227,14.372646,661.69775,3.6273537,138.30225,20.151966,17.28778,14.397976,660.7217,3.602024,139.27832,20.011244,17.40979
231,18.0,849.99994,17.715998,829.57666,0.2840023,20.423279,1.5777906,2.4027388,17.63477,824.1578,0.36523056,25.842163,2.0290587,3.0402546,14.22414,687.3042,3.7758598,162.69574,20.977,19.140676,14.249536,687.66125,3.7504644,162.33868,20.835915,19.098671
232,18.0,900.0,18.660364,906.95715,0.66036415,6.9571533,3.6686897,0.773017,18.507576,908.9653,0.507576,8.965271,2.8198667,0.99614125,14.022166,707.80707,3.9778337,192.19293,22.099075,21.35477,14.042861,709.2302,3.957139,190.76978,21.984106,21.196642
233,18.0,950.0,19.02199,984.22614,1.0219898,34.226135,5.6777215,3.602751,19.044565,981.4125,1.0445652,31.412476,5.8031397,3.3065763,13.767699,724.12933,4.2323008,225.87067,23.512783,23.77586,13.780045,726.33545,4.2199554,223.66455,23.444197,23.543636
234,18.0,1000.00006,18.867239,995.18976,0.867239,4.8103027,4.817994,0.48103026,18.920637,994.5233,0.92063713,5.4767456,5.1146507,0.54767454,13.460868,737.01337,4.539132,262.9867,25.217402,26.29867,13.462639,739.7423,4.537361,260.25775,25.207561,26.025772
235,19.0,250.00002,14.362391,180.14381,4.6376085,69.8562,24.408466,27.942478,14.527671,196.79184,4.472329,53.208176,23.538574,21.283268,16.028524,269.34775,2.9714756,19.347733,15.639345,7.7390924,16.11524,266.8937,2.88476,16.893692,15.182946,6.7574763
236,19.0,300.0,11.488846,179.04486,7.511154,120.95514,39.53239,40.31838,13.444543,221.17065,5.555457,78.829346,29.23925,26.27645,14.377381,236.36076,4.6226187,63.639236,24.32957,21.213078,14.466684,238.25533,4.5333157,61.744675,23.859556,20.581558
237,19.0,350.00003,5.2064776,137.8855,13.793522,212.11453,72.59749,60.60415,5.020804,109.93486,13.979197,240.06517,73.574715,68.59004,12.67284,223.11072,6.32716,126.88931,33.300842,36.254086,12.641672,226.2886,6.358328,123.711426,33.464886,35.34612
238,19.0,400.0,5.086555,128.92343,13.9134445,271.07657,73.22866,67.76914,5.023237,110.005424,13.976763,289.99457,73.561905,72.49864,12.953971,254.87001,6.046029,145.12999,31.821207,36.282497,12.929605,259.7881,6.0703955,140.21191,31.949448,35.05298
239,19.0,450.0,5.039355,122.37471,13.960646,327.6253,73.47708,72.805626,5.0272512,111.11974,13.972749,338.88025,73.54079,75.30672,13.322001,295.41525,5.6779985,154.58475,29.884205,34.352165,13.293502,299.7684,5.706498,150.2316,30.034199,33.3848
240,19.0,500.00003,5.027447,119.54753,13.972553,380.4525,73.53975,76.0905,5.023378,111.62866,13.976622,388.37137,73.561165,77.67427,13.6921425,344.78317,5.3078575,155.21686,27.936092,31.04337,13.657051,346.66922,5.342949,153.33081,28.120783,30.66616
241,19.0,550.0,5.026995,118.68359,13.973005,431.3164,73.54214,78.421165,5.0215282,112.1166,13.978472,437.8834,73.5709,79.615166,14.011379,400.54858,4.9886208,149.45142,26.2559,27.172985,13.975277,399.28683,5.024723,150.71317,26.44591,27.402395
242,19.0,600.0,5.044699,122.16718,13.955301,477.83282,73.44896,79.6388,5.038373,115.96825,13.961627,484.03174,73.48225,80.67195,14.254394,458.31357,4.7456064,141.68643,24.976877,23.614405,14.225864,454.57266,4.7741356,145.42734,25.12703,24.237888
243,19.0,650.0,6.06814,220.95357,12.93186,429.04645,68.062416,66.00714,6.2184124,220.52025,12.781588,429.47974,67.271515,66.07381,14.415663,513.4977,4.584337,136.50232,24.128092,21.000357,14.400979,508.67688,4.599021,141.32312,24.205374,21.74202
244,19.0,700.00006,11.368784,445.3892,7.631216,254.61087,40.164295,36.37298,11.388239,444.35245,7.611761,255.64761,40.0619,36.521084,14.50033,562.92346,4.49967,137.0766,23.682474,19.58237,14.501287,558.357,4.4987125,141.64307,23.677435,20.234722
245,19.0,750.0,14.278163,585.5461,4.721837,164.45392,24.851774,21.927189,14.264182,578.41003,4.735818,171.58997,24.925358,22.878662,14.517059,605.23663,4.4829407,144.76337,23.594423,19.301783,14.531619,601.7686,4.468381,148.23138,23.517796,19.764185
246,19.0,800.0,16.241343,697.49835,2.7586575,102.50165,14.519251,12.812705,16.132065,690.6581,2.8679352,109.34192,15.094395,13.66774,14.474059,640.45026,4.525941,159.54974,23.820742,19.943718,14.497965,638.4162,4.502035,161.5838,23.694921,20.197975
247,19.0,849.99994,17.845198,800.90704,1.1548023,49.092896,6.077907,5.7756352,17.830013,793.61475,1.1699867,56.385193,6.157825,6.633553,14.377514,669.2889,4.622486,180.71106,24.328875,21.260126,14.405722,668.67883,4.5942783,181.3211,24.180412,21.331896
248,19.0,900.0,18.87884,879.17096,0.12116051,20.82904,0.63768685,2.314338,18.702751,880.2627,0.29724884,19.737305,1.5644675,2.193034,14.231378,692.7054,4.7686224,207.29462,25.098015,23.032736,14.25898,693.33154,4.74102,206.66846,24.952738,22.963161
249,19.0,950.0,19.406103,959.0778,0.40610313,9.07782,2.137385,0.95555997,19.267647,952.0071,0.2676468,2.00708,1.4086673,0.2112716,14.037712,711.6231,4.962288,238.37689,26.117304,25.092304,14.060482,713.23236,4.939518,236.76764,25.997463,24.922909
250,19.0,1000.00006,19.488539,994.5255,0.48853874,5.4745483,2.5712564,0.5474548,19.491665,995.16974,0.4916649,4.8303223,2.58771,0.48303217,13.797254,726.83246,5.2027464,273.1676,27.382874,27.316757,13.811958,729.1666,5.1880417,270.83344,27.305485,27.083344
251,20.000002,200.0,19.405922,197.57831,0.59408,2.421692,2.9703996,1.210846,19.617487,200.53824,0.38251495,0.5382385,1.9125746,0.26911926,13.851242,171.82394,6.14876,28.176056,30.743795,14.088029,13.7128315,162.9916,6.2871704,37.008408,31.43585,18.504204
252,20.000002,250.00002,19.399448,238.3606,0.6005535,11.63942,3.0027673,4.6557674,19.144157,214.71387,0.8558445,35.286148,4.279222,14.114459,12.912528,177.12589,7.087474,72.87413,35.437366,29.14965,12.856417,172.40712,7.143585,77.592896,35.717922,31.037157
253,20.000002,300.0,13.970583,226.2154,6.029419,73.78461,30.14709,24.59487,5.883529,138.63542,14.116472,161.36458,70.58235,53.788193,12.616521,193.15471,7.383481,106.84529,36.9174,35.615097,12.562412,191.87535,7.4375896,108.12465,37.187946,36.04155
254,20.000002,350.00003,5.34273,143.86295,14.657272,206.13708,73.286354,58.8963,5.0241904,110.72513,14.975811,239.2749,74.87905,68.36425,12.620213,214.67928,7.3797894,135.32076,36.898945,38.663067,12.583982,216.90405,7.4160194,133.09598,37.080093,38.027416
255,20.000002,400.0,5.110524,131.23892,14.889478,268.76108,74.44738,67.19027,5.0206304,109.55445,14.979372,290.44556,74.89685,72.61139,12.839651,242.58774,7.160351,157.41226,35.80175,39.353065,12.814368,247.13782,7.1856337,152.86218,35.928165,38.215546
256,20.000002,450.0,5.0521054,124.34871,14.947897,325.6513,74.73948,72.36696,5.0264606,110.67436,14.973541,339.32562,74.8677,75.40569,13.174133,278.22836,6.8258686,171.77164,34.12934,38.171474,13.148049,283.07843,6.8519526,166.92157,34.25976,37.09368
257,20.000002,500.00003,5.0299664,120.30627,14.970036,379.69376,74.850174,75.93875,5.025419,111.29279,14.974583,388.70724,74.8729,77.74145,13.538597,322.28592,6.461405,177.71411,32.30702,35.54282,13.506098,325.41302,6.493904,174.587,32.469517,34.9174
258,20.000002,550.0,5.025977,118.6422,14.974025,431.3578,74.87012,78.42869,5.021664,111.7555,14.978338,438.2445,74.891685,79.68082,13.874487,373.5766,6.125515,176.4234,30.627573,32.07698,13.837939,373.7929,6.1620626,176.20709,30.810312,32.037655
259,20.000002,600.0,5.0316324,119.38421,14.9683695,480.61578,74.84184,80.10263,5.0265527,113.15962,14.97345,486.8404,74.86724,81.14007,14.148757,428.83157,5.851245,171.16843,29.256222,28.52807,14.115585,426.1984,5.8844166,173.8016,29.422081,28.966934
260,20.000002,650.0,5.147574,139.56674,14.852428,510.43326,74.26214,78.5282,5.167984,135.7871,14.832018,514.2129,74.16008,79.10967,14.34879,483.81116,5.6512117,166.18884,28.256056,25.567514,14.326456,479.38,5.673546,170.62,28.367725,26.24923
261,20.000002,700.00006,9.67916,363.2414,10.320842,336.75867,51.604206,48.10838,9.735206,373.1391,10.264796,326.86096,51.323975,46.69442,14.475099,534.88,5.5249033,165.12006,27.624516,23.588577,14.467676,530.0042,5.5323257,169.99585,27.661627,24.28512
262,20.000002,750.0,13.311,535.43713,6.689002,214.56287,33.445007,28.608381,13.300966,520.7998,6.6990356,229.2002,33.495174,30.560026,14.534304,579.90717,5.4656982,170.09283,27.328487,22.679045,14.541888,575.6639,5.4581137,174.33612,27.290565,23.244816
263,20.000002,800.0,15.801768,652.42505,4.1982336,147.57495,20.991165,18.446869,15.753232,652.5932,4.24677,147.4068,21.233849,18.42585,14.534362,618.2306,5.46564,181.76941,27.3282,22.721176,14.554149,615.21643,5.445853,184.78357,27.229265,23.097946
264,20.000002,849.99994,17.618208,762.48663,2.381794,87.513306,11.908969,10.295684,17.42056,749.8221,2.579441,100.17786,12.897203,11.785631,14.482154,650.1514,5.517848,199.84851,27.589237,23.511591,14.509859,648.55164,5.490143,201.4483,27.45071,23.699802
265,20.000002,900.0,18.911587,845.62384,1.0884151,54.37616,5.4420753,6.0417953,18.929144,850.0016,1.070858,49.998413,5.3542895,5.5553794,14.382694,676.421,5.6173077,223.57898,28.086536,24.84211,14.413628,676.1634,5.5863743,223.83661,27.93187,24.870733
266,20.000002,950.0,19.575861,933.922,0.42414093,16.078003,2.1207044,1.6924213,19.4513,927.4606,0.54870224,22.539429,2.743511,2.3725715,14.239126,697.9022,5.7608757,252.09778,28.804377,26.536608,14.268872,698.78973,5.7311296,251.21027,28.655645,26.443186
267,20.000002,1000.00006,19.718124,990.5379,0.28187752,9.462158,1.4093875,0.94621575,19.709965,990.17053,0.29003716,9.829529,1.4501857,0.98295283,14.053069,715.39874,5.946933,284.60132,29.734663,28.46013,14.077865,717.193,5.9221373,282.80707,29.610685,28.280704
